{"engineId":"78cf23a1-4e10-4c38-b1bb-7499422fbc70","engineName":"Manpower Reporting","rdbmsId":"adfcfd07-5ca3-4f6f-b43d-2f8b2ad6e548","varstore":{},"frames":[{"file":"@BaseFolder@\\db\\@ENGINE@\\version\\adfcfd07-5ca3-4f6f-b43d-2f8b2ad6e548\\FRAME.gz","meta":"@BaseFolder@\\db\\@ENGINE@\\version\\adfcfd07-5ca3-4f6f-b43d-2f8b2ad6e548\\METADATA__FRAME.owl","state":null,"type":"prerna.ds.h2.H2Frame","name":"FRAME","keys":["$CUR_FRAME_KEY","FRAME"]}],"panels":[{"panelId":"0","panelLabel":null,"view":"visualization","viewOptions":null,"viewOptionsMap":{},"config":{},"ornaments":{},"events":{},"comments":{},"position":{},"filters":[],"order":[],"cbv":[]}],"tasks":{"tasks":[{"type":"basic","task":{"taskType":"basic","id":"task1","numCollected":500,"internalOffset":0,"taskOptions":"{\"options\":{\"0\":{\"layout\":\"Grid\",\"alignment\":{\"label\":[\"Project_Active\",\"Project_Name\",\"Project_Priority\",\"Work_Stream\"]}}},\"ornament\":false}","qs":{"qsType":"FRAME","frameName":"FRAME","isDistinct":true,"overrideImplicit":false,"limit":500,"offset":0,"relations":"[]","selectors":[{"type":"COLUMN","content":{"table":"Project_Active","column":"PRIM_KEY_PLACEHOLDER","alias":"Project_Active","tableAlias":null}},{"type":"COLUMN","content":{"table":"Project_Name","column":"PRIM_KEY_PLACEHOLDER","alias":"Project_Name","tableAlias":null}},{"type":"COLUMN","content":{"table":"Project_Priority","column":"PRIM_KEY_PLACEHOLDER","alias":"Project_Priority","tableAlias":null}},{"type":"COLUMN","content":{"table":"Work_Stream","column":"PRIM_KEY_PLACEHOLDER","alias":"Work_Stream","tableAlias":null}}]}}}],"taskCounter":2},"recipe":["AddPanel ( 0 ) ;","Panel ( 0 ) | SetPanelView ( \"visualization\" ) ;","CreateFrame ( grid ) .as ( [ FRAME ] ) ;","Database ( \"78cf23a1-4e10-4c38-b1bb-7499422fbc70\" ) | Select ( Project_Name__Project_Active , Project_Name , Project_Name__Project_Priority , Project_Name__Work_Stream ) | Limit ( 500 ) | Import ( ) ;","Frame ( ) | Select ( Project_Active , Project_Name , Project_Priority , Work_Stream ) | Format ( type = [ 'table' ] ) | TaskOptions ( { \"0\" : { \"layout\" : \"Grid\" , \"alignment\" : { \"label\" : [ \"Project_Active\" , \"Project_Name\" , \"Project_Priority\" , \"Work_Stream\" ] } } } ) | Collect ( 500 ) ;"]}