{"insightID":"e86c0db8-84c9-45b7-890e-24c9a44eb26f","pixelReturn":[{"pixelExpression":"CachedPanel ( \"0\" ) ;","isMeta":false,"output":{"panelId":"0","view":"visualization","viewOptionsMap":{},"config":{},"ornaments":{},"events":{},"comments":{},"position":{},"filters":[],"order":[],"cbv":[]},"operationType":["CACHED_PANEL"]},{"pixelExpression":"Frame ( ) | Select ( Project_Active , Project_Name , Project_Priority , Work_Stream ) | Format ( type = [ 'table' ] ) | TaskOptions ( { \"0\" : { \"layout\" : \"Grid\" , \"alignment\" : { \"label\" : [ \"Project_Active\" , \"Project_Name\" , \"Project_Priority\" , \"Work_Stream\" ] } } } ) | Collect ( 500 ) ;","isMeta":false,"output":{"data":{"values":[["NO","TEST","High","Cloud_Strategy"],["YES","Special_CIO_Projects_Organization_Change_Mgmt","Medium","Continuous_Process_Improvement"],["YES","D2D_Dashboard_Training_Development_and_Demonstration","Medium","Operations_Analytics"],["YES","Core_Support_to_POB_Chief","High","Division_Operations"],["YES","Enterprise_Reporting_Meeting_Facilitor","Medium","Division_Operations"],["YES","Speaking_Engagements","Medium","Communication_and_Outreach"],["YES","Contract-Acquisition_Management","Medium","Human_Resources_Management"],["YES","OPSCENTER_-_Executive_Reporting","High","D2D_Operations_Center"],["YES","Contract_Actions_A","High","Division_Operations"],["YES","D2D_Dashboard_Project_Management","High","Operations_Analytics"],["YES","Division_Space_Liaison_-_Updates","Medium","Division_Operations"],["YES","LRTA_Technical_Implementation","Medium","Operations_Analytics"],["YES","Executive_Leadership_Reporting","Medium","Division_Operations"],["YES","Contracts_and_Budget","Medium","Division_Operations"],["YES","TEC_Management","Low","Technology_Portfolio_Management"],["YES","D2D_Tasker_Support","Medium","Division_Operations"],["YES","Support_Agreements","High","Division_Operations"],["YES","Task_Management_(Carolyn_Stemple_Taskers)","Medium","Division_Operations"],["YES","Site_Coordinator_Lead","Low","D2D_Operations_Center"],["YES","SharePoint_Design-Maintenance","Medium","Communication_and_Outreach"],["YES","Support_to_POB_Chief","Medium","Division_Operations"],["YES","Meeting_Facilitation","High","Division_Operations"],["YES","Strategic_Messaging-Mission-Vision_Statement","Medium","Communication_and_Outreach"],["YES","AACE_SEMOSS_Analytics","High","Operations_Analytics"],["YES","Team_Mbr_Task_Tracker,_with_ghant_charts,_%_done,_start-end_dates,_updated,_etc._Also_tied_to_DPMAP_elements_(started)","Medium","Division_Operations"],["YES","Legacy_Contracts","Low","Technology_Portfolio_Management"],["YES","Onboarding-Off_boarding_-_San_Antonio","Medium","Division_Operations"],["YES","milConnect_Properties","Low","Division_Operations"],["YES","OPSCENTER_-_Strategy_Capture","High","D2D_Operations_Center"],["YES","Phone_Roster-CIO_Directory","Medium","Human_Resources_Management"],["YES","Communication_Graphics_and_Support","Low","Communication_and_Outreach"],["YES","D2D_Dashboard_Technical_Implementation","High","Operations_Analytics"],["YES","Task_Management_Database","High","D2D_Operations_Center"],["YES","SharePoint_-_Update_Div_page,_and_set_template_for_branch_pagesm_s_and_implement","High","Communication_and_Outreach"],["YES","VOIP_Services_Capability","Low","Operations_Analytics"],["YES","Enterprise_Reporting_Project_Documentation","Medium","Division_Operations"],["YES","San_Antonio_Trip_Support-Briefings_(every_six_weeks)","Medium","Division_Operations"],["YES","Template_Management","Low","Division_Operations"],["YES","Training_-_Annual_Strategy_Development","Low","Human_Resources_Management"],["YES","Contract_Analysis","Low","Division_Operations"],["YES","Ektropy_Requirements_Gathering-Resolving_Issues","Medium","Technology_Portfolio_Management"],["YES","OPSCENTER_-_End-to-end_Process-Request_Portal","High","D2D_Operations_Center"],["YES","NATO_Secretariat","High","Division_Operations"],["YES","Division_Space_Coordination","Medium","Division_Operations"],["YES","Create_Slide_Libraries_for_all_major_presentations,_then_can_share_and_lots_of_metadata,_such_as_branch,_section,_office,_User,_and_each_member_can_view_all_the_slides_to_update_that_theyre_responsible_and_for_all_meeting_in_1_place._(Have_Staff_Mtg_and_Wkly_Leadership_Mtg_slides_set_up_in_I&O-).","Low","Division_Operations"],["YES","Special_Projects_for_Leadership_DAD_IO","Medium","Division_Operations"],["YES","IT_Service_Management_(ITSM)","Medium","Continuous_Process_Improvement"],["YES","Space_Management_-_San_Antonio_A","Medium","Division_Operations"],["YES","Records_Management_-_San_Antonio","Medium","Division_Operations"],["YES","Distro_List_Management_(NPEs)","Low","Human_Resources_Management"],["YES","Phase_2_AWS","High","Cloud_Strategy"],["YES","Manpower_Hiring_Actions_Lead","High","Human_Resources_Management"],["YES","Ad-Hoc_Reports_Generation","Medium","Operations_Analytics"],["YES","D2D_OPSCENTER_Request_(Front_door)","High","D2D_Operations_Center"],["YES","Travel_Assistance_Operations_Center","High","D2D_Operations_Center"],["YES","D2D_Site_Coordination_Strategy","High","D2D_Operations_Center"],["YES","W7_Slides-Performance_Improvement_Project_Plan_(PIPP)","High","Division_Operations"],["YES","Automate_Excel_Reports_to_SP_lists,_then_can_be_linked_and_integrated,_and_can_include_on_the_meeting,_leadership,_branch_sites_for_starters_using_Web_Services","Low","Division_Operations"],["YES","Division_Marketing","Medium","Communication_and_Outreach"],["YES","4th_Estate_Commodity_IT","High","Division_Operations"],["YES","Assest_management_support_for_leadership","Low","Division_Operations"],["YES","D2D_Dashboard_Data_Analytics-Testing","High","Operations_Analytics"],["YES","Manpower_Dashboard","High","Division_Operations"],["YES","JKO_Alignment","Low","Division_Operations"],["YES","Hiring_Actions_3","Medium","Human_Resources_Management"],["YES","Onboarding-Off-boarding_-_DHHQ","High","Human_Resources_Management"],["YES","DAWIA_Tracking","Low","Human_Resources_Management"],["YES","OPSCENTER_-_Planning","High","D2D_Operations_Center"],["YES","Lessons_Learned_Program","Medium","Continuous_Process_Improvement"],["YES","Metrics_Management","Medium","Division_Operations"],["YES","Cloud_Meeting_Facilitation","High","Cloud_Strategy"],["YES","Cloud_Requirements_Gathering","Medium","Cloud_Strategy"],["YES","Cloud_Transition_Management","Medium","Cloud_Strategy"],["YES","Enterprise_Cloud_Project_Management","High","Cloud_Strategy"],["YES","Strategic_Alignment","Low","Division_Operations"],["YES","D2D_Dashboard_Site_Training","High","Operations_Analytics"],["YES","SharePoint_Design-New_Functionality-Automation-Efficiency","High","Communication_and_Outreach"],["YES","Special_Medical_Unit_Support_-_JOMIS","Medium","Division_Operations"],["YES","D2D_Operation_Center_Process_Design","High","D2D_Operations_Center"],["YES","AACE_Mission-Vision_Development","Medium","Division_Operations"],["YES","Special_Medical_Units_Support_B","Medium","Division_Operations"],["YES","Space_Management_-_San_Antonio_B","High","Division_Operations"],["YES","Bi-weekly_Info_Feed","Medium","Communication_and_Outreach"],["YES","AACE_Special_Projects","High","Division_Operations"],["YES","Site_Coordinator_Lead_Support","Medium","Division_Operations"],["YES","Annual_Performance_Plans_(APPs)_-_POB-OSM_Only","Medium","Metrics_and_Reporting"],["YES","D2D_OPSCENTER_Strategy","Low","D2D_Operations_Center"],["YES","Enterprise_Cloud_Requirements","Medium","Cloud_Strategy"],["YES","Awards_DHHQ","Medium","Division_Operations"],["YES","Communication_Plans","Medium","Communication_and_Outreach"],["YES","Strategic_Alignment_Lead","Low","Division_Operations"],["YES","AACE_Technology_Portfolio_Management","Low","Technology_Portfolio_Management"],["YES","D2D_Dashboard_User_Interface","High","Operations_Analytics"],["YES","Enterprise_Cloud_Business_Documentation","Medium","Cloud_Strategy"],["YES","Enterprise_Reporting_Initiative","High","Operations_Analytics"],["YES","MOU-MOA_Development","Low","Division_Operations"],["YES","Kick-off_Trip_Report_Tracking","Medium","D2D_Operations_Center"],["YES","Manpower_Position_Descriptions_Lead","High","Human_Resources_Management"],["YES","Manpower_Hiring_Actions","High","Human_Resources_Management"],["YES","POB-OSM_Meeting_site_-_1_page_with_ALL_mtg_correspondence_and_create_template_to_use_for_all_POB_mtgs,_then_all_of_AACE._Also_have_a_detailed_SOP_of_how_to_use_site_and_perform_all_functions._(Have_I&O_Staff_Mtg_set_up_with_detailed_instr_on_I&O)","High","Communication_and_Outreach"],["YES","Ektropy_Requirements","Medium","Human_Resources_Management"],["YES","All_Humans-Ektropy","High","Human_Resources_Management"],["YES","OPSCENTER_-_Communication-Outreach","High","Communication_and_Outreach"],["YES","D2D_Operations_Center_Risk_Manager","High","D2D_Operations_Center"],["YES","Executive_Leadership_Reporting_Dashboard","High","Division_Operations"],["YES","Enterprise_Reporting_Initiative_Architecture","High","Operations_Analytics"],["YES","Site_Implementation_Risk_Management","High","D2D_Operations_Center"],["YES","Hiring_Actions_2","Medium","Human_Resources_Management"],["YES","Operational_Acceleration_-_AACE_alignment_to_J6_Strategy","Medium","Division_Operations"],["YES","SharePoint_-_Create_Leadership_page_to_have_important_info_to_access_in_1_place,_with_important_data,_metrics,_links,_etc_that_will_be_all_in_realtime_and_populated_from_each_standard_page,_meeting,_etc._Can_include_status,_docs_to_sign,_read_msg_that_users_could_post_for_him_and_hell_see_right_away._Can_view_in_many_ways_across_the_division._(Have_a_version_of_this_set_up_for_I&O)","High","Communication_and_Outreach"],["YES","OPSCENTER_-_Executive_Reporting_Quads","Medium","D2D_Operations_Center"],["YES","Business_Process_Reengineering","High","Continuous_Process_Improvement"],["YES","Work_Break_Down_Structure","Low","Continuous_Process_Improvement"],["YES","tIMO_-_Expeditating_deployment_3-5","Medium","Division_Operations"],["YES","Organization_Chart","Medium","Human_Resources_Management"],["YES","OPSCENTER_-_Graphics_and_Communications_Lead","High","D2D_Operations_Center"],["YES","Create_updated_POB-OSM_team_Contact_info._(have_the_list_created;_just_need_to_put_in_names,_create_views)","Low","Division_Operations"],["YES","AACE_Strategic_Initiatives","High","Division_Operations"],["YES","Cloud_Support","Medium","Cloud_Strategy"],["YES","D2D_Dashboard_Analytics","High","D2D_Operations_Center"],["YES","Liaison_to_Engineering_Control_Board","Low","Division_Operations"],["YES","Cloud_Risk_Management","Medium","Cloud_Strategy"],["YES","Organization_Functions_Manual_(OFM)_Document","Medium","Division_Operations"],["YES","Annual_Performance_Plans_(APPs)_-_Division","High","Metrics_and_Reporting"],["YES","D2D_Dashboard_Requirements","High","Operations_Analytics"],["YES","D2D_Process_Management","High","Continuous_Process_Improvement"],["YES","Staffing_Manpower","High","Human_Resources_Management"],["YES","Joint_Integrated_Process_Review_(JIPR)","Medium","Technology_Portfolio_Management"],["YES","Joint_Integrated_Program_Review_Analyst","High","Technology_Portfolio_Management"],["YES","Vendor_Engagement","Medium","Division_Operations"],["YES","Infrastructure_360","High","Operations_Analytics"],["YES","Enterprise_Cloud_Applications","High","Cloud_Strategy"],["YES","Strategic_support_for_AACE_Leadership","Medium","Division_Operations"],["YES","Cloud_Infrastructure","High","Cloud_Strategy"],["YES","D2D_Dashboard_Schedule_Risk_Analysis","High","Operations_Analytics"],["YES","VOIP_Business_Case_Analysis","Low","Operations_Analytics"],["YES","Cyber_Security_Professional","Medium","Cloud_Strategy"],["YES","Facilitates_schedule_updates_for_tIMO_and_the_D2D_deployment","Medium","Division_Operations"],["YES","DPMAP_Appraisals-Performance_Planning","High","Human_Resources_Management"],["YES","AACE_Strategic_Alignment_to_J6-Workstream_27","Medium","Division_Operations"],["YES","MHS_Reform_-_NDAA_Analysis-AACE_alignment_to_Strategy","Medium","Division_Operations"],["YES","Cloud_Auditing_(Cyber_Security)","High","Cloud_Strategy"],["YES","Manpower_Position_Descriptions","High","Human_Resources_Management"],["YES","Contract_Analysis_-_Mind_Map","High","Technology_Portfolio_Management"],["YES","Ektropy_Contract_AACE_Dashboard","High","Technology_Portfolio_Management"],["YES","OPSCENTER_-_Graphics_and_Communications","High","Communication_and_Outreach"],["YES","Ektropy_Training_Program","Medium","Technology_Portfolio_Management"],["YES","Enterprise_Reporting_Data_Analysis","Medium","Operations_Analytics"],["YES","Liaison_to_Solutions_Delivery_Division","High","Cloud_Strategy"],["YES","CCES_Weekly_Technical_Group","Medium","Cloud_Strategy"],["YES","Communications_(CIO-WG,_CIO-CG,_CWG)_to_Branches","Medium","Communication_and_Outreach"],["YES","Cloud_Management","Medium","Cloud_Strategy"],["YES","Managers_Internal_Control_Program_(MICP)","Medium","Metrics_and_Reporting"],["YES","Special_Medical_Unit_Support_A","Low","Cloud_Strategy"],["YES","LRTA_Technical_Analysis","Medium","Cloud_Strategy"],["YES","Contract_Actions_B","High","Division_Operations"],["YES","Training_-_Executing_&_Reporting","Medium","Human_Resources_Management"],["YES","DoD_Enterprise_Collaborations_Productivity_Suit_(ECAPS)","High","D2D_Operations_Center"],["YES","Marketing_Materials_(Fact_Sheets,_Postcards,_Articles,_etc.)","Low","Communication_and_Outreach"],["YES","Division_Timesheet_Management","Medium","Human_Resources_Management"],["YES","AACE_Exec_Preparation_(Actions,_Meeting)","High","Division_Operations"],["YES","CATMS_Management","Medium","Division_Operations"],["YES","D2D_Academy_Support","High","D2D_Operations_Center"],["YES","Enterprise_Reporting_Technical_Support","High","Operations_Analytics"],["YES","Space_Management_-_DHHQ_only","Low","Division_Operations"],["YES","Division_Metrics","Medium","Operations_Analytics"],["YES","JIPR_Reports_Generations","Low","Technology_Portfolio_Management"],["YES","Ektopy_JIPR_Customer_Feedback","Low","Technology_Portfolio_Management"],["YES","Service_Lead-Navy_Regional_Liason","High","D2D_Operations_Center"],["YES","Division_ITSM","Medium","Continuous_Process_Improvement"],["YES","Events_-_Defense_Health_IT_Conference_(DHITS)","High","Communication_and_Outreach"],["YES","OPSCENTER_-_Asset_Management","High","D2D_Operations_Center"],["YES","Special_Projects_Support_-_Centralized_Lessons_Learning","Medium","Continuous_Process_Improvement"],["YES","Manpower_Metrics","High","Human_Resources_Management"],["YES","Cloud_Service_Catalog_(CRM)","Medium","Cloud_Strategy"],["YES","Hiring_Actions_1","Medium","Human_Resources_Management"],["YES","Ektropy_Risk_Module_Training","High","D2D_Operations_Center"],["YES","OpsCenter_Meeting_Facilitation","High","D2D_Operations_Center"],["YES","Enterprise_Reporting_Requirements","Medium","Operations_Analytics"],["YES","Service_Catalog_Input","Medium","Continuous_Process_Improvement"],["YES","Awards_San_Antonio","Medium","Human_Resources_Management"]],"headers":["Project_Active","Project_Name","Project_Priority","Work_Stream"],"rawHeaders":["PROJECT_ACTIVE","PROJECT_NAME","PROJECT_PRIORITY","WORK_STREAM"]},"headerInfo":[{"alias":"Project_Active","header":"Project_Active","type":"STRING","derived":false},{"alias":"Project_Name","header":"Project_Name","type":"STRING","derived":false},{"alias":"Project_Priority","header":"Project_Priority","type":"STRING","derived":false},{"alias":"Work_Stream","header":"Work_Stream","type":"STRING","derived":false}],"sortInfo":[],"numRows":181,"numCollected":500,"taskOptions":{"0":{"layout":"Grid","alignment":{"label":["Project_Active","Project_Name","Project_Priority","Work_Stream"]}}},"format":{"type":"TABLE"},"filterInfo":[],"taskId":"task1"},"operationType":["TASK_DATA"]}]}