{"engineId":"78cf23a1-4e10-4c38-b1bb-7499422fbc70","engineName":"Manpower Reporting","rdbmsId":"1564bdb4-030a-4e3b-878c-1f5837daa6d5","varstore":{},"frames":[{"file":"@BaseFolder@\\db\\@ENGINE@\\version\\1564bdb4-030a-4e3b-878c-1f5837daa6d5\\FRAME.gz","meta":"@BaseFolder@\\db\\@ENGINE@\\version\\1564bdb4-030a-4e3b-878c-1f5837daa6d5\\METADATA__FRAME.owl","state":null,"type":"prerna.ds.h2.H2Frame","name":"FRAME","keys":["$CUR_FRAME_KEY","FRAME"]}],"panels":[{"panelId":"0","panelLabel":null,"view":"visualization","viewOptions":null,"viewOptionsMap":{},"config":{},"ornaments":{},"events":{},"comments":{},"position":{},"filters":[],"order":[],"cbv":[]}],"tasks":{"tasks":[{"type":"basic","task":{"taskType":"basic","id":"task1","numCollected":500,"internalOffset":0,"taskOptions":"{\"options\":{\"0\":{\"layout\":\"Grid\",\"alignment\":{\"label\":[\"Role\",\"Attends_Active\",\"Attends_ID\",\"Meeting_Time_Allocated\",\"Employee_Name\",\"Meeting_Name\"]}}},\"ornament\":false}","qs":{"qsType":"FRAME","frameName":"FRAME","isDistinct":true,"overrideImplicit":false,"limit":500,"offset":0,"relations":"[]","selectors":[{"type":"COLUMN","content":{"table":"Role","column":"PRIM_KEY_PLACEHOLDER","alias":"Role","tableAlias":null}},{"type":"COLUMN","content":{"table":"Attends_Active","column":"PRIM_KEY_PLACEHOLDER","alias":"Attends_Active","tableAlias":null}},{"type":"COLUMN","content":{"table":"Attends_ID","column":"PRIM_KEY_PLACEHOLDER","alias":"Attends_ID","tableAlias":null}},{"type":"COLUMN","content":{"table":"Meeting_Time_Allocated","column":"PRIM_KEY_PLACEHOLDER","alias":"Meeting_Time_Allocated","tableAlias":null}},{"type":"COLUMN","content":{"table":"Employee_Name","column":"PRIM_KEY_PLACEHOLDER","alias":"Employee_Name","tableAlias":null}},{"type":"COLUMN","content":{"table":"Meeting_Name","column":"PRIM_KEY_PLACEHOLDER","alias":"Meeting_Name","tableAlias":null}}]}}}],"taskCounter":2},"recipe":["AddPanel ( 0 ) ;","Panel ( 0 ) | SetPanelView ( \"visualization\" ) ;","CreateFrame ( grid ) .as ( [ FRAME ] ) ;","Database ( \"78cf23a1-4e10-4c38-b1bb-7499422fbc70\" ) | Select ( Attends_ID__Role , Attends_ID__Attends_Active , Attends_ID , Attends_ID__Meeting_Time_Allocated , Attends_ID__Employee_Name , Attends_ID__Meeting_Name ) | Limit ( 500 ) | Import ( ) ;","Frame ( ) | Select ( Role , Attends_Active , Attends_ID , Meeting_Time_Allocated , Employee_Name , Meeting_Name ) | Format ( type = [ 'table' ] ) | TaskOptions ( { \"0\" : { \"layout\" : \"Grid\" , \"alignment\" : { \"label\" : [ \"Role\" , \"Attends_Active\" , \"Attends_ID\" , \"Meeting_Time_Allocated\" , \"Employee_Name\" , \"Meeting_Name\" ] } } } ) | Collect ( 500 ) ;"]}