{"insightID":"c339b25c-5a5f-45f5-8646-6e994d8abb0e","pixelReturn":[{"pixelExpression":"CachedPanel ( \"0\" ) ;","isMeta":false,"output":{"panelId":"0","view":"visualization","viewOptionsMap":{},"config":{},"ornaments":{},"events":{},"comments":{},"position":{},"filters":[],"order":[],"cbv":[]},"operationType":["CACHED_PANEL"]},{"pixelExpression":"Frame ( ) | Select ( Role , Attends_Active , Attends_ID , Meeting_Time_Allocated , Employee_Name , Meeting_Name ) | Format ( type = [ 'table' ] ) | TaskOptions ( { \"0\" : { \"layout\" : \"Grid\" , \"alignment\" : { \"label\" : [ \"Role\" , \"Attends_Active\" , \"Attends_ID\" , \"Meeting_Time_Allocated\" , \"Employee_Name\" , \"Meeting_Name\" ] } } } ) | Collect ( 500 ) ;","isMeta":false,"output":{"data":{"values":[[null,null,null,null,null,"TEST"],["Primary","YES",31,0.1,"Rosalynn_Dhramapitaksook","AACE_Branch_Lead_Meeting,_Monthly"],["Primary","YES",16,0.5,"Denise_Holloway","CIO_(J-6)_CC_Meeting"],["Primary","YES",33,0.5,"Sylvia_Ortega","Engineering_Control_Board"],["Primary","YES",3,0.5,"Cameron_Abbott","ECAPS_Voice_&_Video_Technical_WG"],["Primary","YES",29,0.0,"Robin_Brower","AACE_Division_EAWG"],["Primary","YES",13,0.1,"Denise_Holloway","OPSCENTER_-_Exec_Meeting,_Mondays,_Weekly"],["Primary","YES",12,0.0625,"Denise_Holloway","OPSCENTER_-_Meeting-Planning_Huddle"],["Primary","YES",24,0.15,"Denise_Holloway","UK_DHA_Information_Sharing_Forums"],["Primary","YES",2,0.5,"Cameron_Abbott","ECAPS_Financial_IPT"],["Primary","YES",28,0.25,"Kurt_Benz","CIO_(J-6)_Manpower_Meeting"],["Primary","YES",17,0.5,"Denise_Holloway","CIO(J-6)_Working_Group"],["Primary","YES",10,0.0,"Tonu_Nauage","Enterprise_Reporting_Initiative"],["Primary","YES",8,0.5,"Kenneth_Keith","CCES_Weekly_Technical_Working_Group"],["Primary","YES",23,0.0,"Denise_Holloway","AACE_Division_Deployment_IPT"],["Primary","YES",6,0.5,"Christian_Weaver","EIDS_AWS_Pathfinder_Schedule_Meeting"],["Primary","YES",25,0.0625,"Denise_Holloway","AACE_Division_Technical_Executive_Committee_(TEC)"],["Primary","YES",26,0.25,"Paxton_Gammie","AACE_Division_Monday_Sync,_Weekly"],["Primary","YES",20,0.25,"Denise_Holloway","CIO_(J-6)_IT_Reform"],["Primary","YES",15,0.0625,"Denise_Holloway","D2D_PM_Meeting,_Weekly"],["Primary","YES",21,0.15,"Denise_Holloway","POB_Team_Quad_Review,_Thursdays"],["Primary","YES",11,0.5,"Christian_Weaver","AWS_Tagging,_Billing_and_Naming_Meeting"],["Primary","YES",1,0.5,"Cameron_Abbott","ECAPS_WG"],["Primary","YES",18,0.5,"Denise_Holloway","EHR_WSC_Meeting,_Monthly"],["Primary","YES",4,0.5,"Christian_Weaver","Cloud_Computing_Enterprise_Services_Engineering_WG"],["Primary","YES",14,0.1,"Denise_Holloway","OPSCENTER_-_Exec_Meeting,_Thursdays,_Weekly"],["Primary","YES",27,0.0,"Denise_Holloway","AACE_Division_WIN10_Schedule_Meeting"],["Primary","YES",60,0.25,"Rosalynn_Dhramapitaksook","AACE_Executive_Prep"],["Primary","YES",34,0.0625,"Wilson_Nazario","AACE_Division_Space_Meeting"],["Primary","YES",30,0.0,"Rosalynn_Dhramapitaksook","DHA_Functional_Advisory_Council_(FAC)"],["Primary","YES",9,0.5,"Kenneth_Keith","EIDS_Data_Warehouse_Bi-Weekly_Tecnichal_WG"],["Primary","YES",32,0.25,"Rosalynn_Dhramapitaksook","Operations_Management_Staff_Meeting"],["Primary","YES",22,0.15,"Denise_Holloway","POB_Government_Meeting,_Thursdays"],["Primary","YES",19,0.25,"Denise_Holloway","CIO_(J-6)_Operational_Acceleration_Meetings"],["Primary","YES",5,0.5,"Christian_Weaver","Amazon_Web_Service_Integrated_Schedule_Sync"],["Primary","YES",7,0.25,"Kenneth_Keith","LogiCole_Cloud_Hosing"],["Secondary","YES",49,0.0,"Denise_Holloway","CIO_(J-6)_Operational_Acceleration_Meetings"],["Secondary","YES",45,0.0,"Rosalynn_Dhramapitaksook","OPSCENTER_-_Exec_Meeting,_Thursdays,_Weekly"],["Secondary","YES",47,0.0,"Rosalynn_Dhramapitaksook","CIO(J-6)_Working_Group"],["Secondary","YES",58,0.0,"Denise_Holloway","Engineering_Control_Board"],["Secondary","YES",53,0.0,"Ying_Gomez","CIO_(J-6)_Manpower_Meeting"],["Secondary","YES",50,0.0,"Paxton_Gammie","POB_Team_Quad_Review,_Thursdays"],["Secondary","YES",42,0.0,"Denise_Holloway","AWS_Tagging,_Billing_and_Naming_Meeting"],["Secondary","YES",48,0.0,"Denise_Holloway","EHR_WSC_Meeting,_Monthly"],["Secondary","YES",37,0.0,"Denise_Holloway","EIDS_AWS_Pathfinder_Schedule_Meeting"],["Secondary","YES",43,0.0,"Rosalynn_Dhramapitaksook","OPSCENTER_-_Meeting-Planning_Huddle"],["Secondary","YES",59,0.0,"Denise_Holloway","AACE_Division_Space_Meeting"],["Secondary","YES",46,0.0,"Kristine_Peluso","D2D_PM_Meeting,_Weekly"],["Secondary","YES",44,0.0,"Rosalynn_Dhramapitaksook","OPSCENTER_-_Exec_Meeting,_Mondays,_Weekly"],["Secondary","YES",39,0.0,"Christian_Weaver","CCES_Weekly_Technical_Working_Group"],["Secondary","YES",52,0.0,"Rosalynn_Dhramapitaksook","AACE_Division_Technical_Executive_Committee_(TEC)"],["Secondary","YES",35,0.0,"Denise_Holloway","Cloud_Computing_Enterprise_Services_Engineering_WG"],["Secondary","YES",51,0.0,"Kurt_Benz","POB_Government_Meeting,_Thursdays"],["Secondary","YES",57,0.0,"Denise_Holloway","Operations_Management_Staff_Meeting"],["Secondary","YES",36,0.0,"Denise_Holloway","Amazon_Web_Service_Integrated_Schedule_Sync"],["Secondary","YES",41,0.0,"Cameron_Abbott","Enterprise_Reporting_Initiative"],["Secondary","YES",61,0.0,"Paxton_Gammie","AACE_Executive_Prep"],["Secondary","YES",56,0.0,"Paxton_Gammie","AACE_Branch_Lead_Meeting,_Monthly"],["Secondary","YES",54,0.0,"Rosalynn_Dhramapitaksook","AACE_Division_EAWG"],["Secondary","YES",55,0.0,"Denise_Holloway","DHA_Functional_Advisory_Council_(FAC)"],["Secondary","YES",40,0.0,"Christian_Weaver","EIDS_Data_Warehouse_Bi-Weekly_Tecnichal_WG"],["Secondary","YES",38,0.0,"Christian_Weaver","LogiCole_Cloud_Hosing"]],"headers":["Role","Attends_Active","Attends_ID","Meeting_Time_Allocated","Employee_Name","Meeting_Name"],"rawHeaders":["ROLE","ATTENDS_ACTIVE","ATTENDS_ID","MEETING_TIME_ALLOCATED","EMPLOYEE_NAME","MEETING_NAME"]},"headerInfo":[{"alias":"Role","header":"Role","type":"STRING","derived":false},{"alias":"Attends_Active","header":"Attends_Active","type":"STRING","derived":false},{"alias":"Attends_ID","header":"Attends_ID","type":"NUMBER","derived":false},{"alias":"Meeting_Time_Allocated","header":"Meeting_Time_Allocated","type":"NUMBER","derived":false},{"alias":"Employee_Name","header":"Employee_Name","type":"STRING","derived":false},{"alias":"Meeting_Name","header":"Meeting_Name","type":"STRING","derived":false}],"sortInfo":[],"numRows":62,"numCollected":500,"taskOptions":{"0":{"layout":"Grid","alignment":{"label":["Role","Attends_Active","Attends_ID","Meeting_Time_Allocated","Employee_Name","Meeting_Name"]}}},"format":{"type":"TABLE"},"filterInfo":[],"taskId":"task1"},"operationType":["TASK_DATA"]}]}