{"engineId":"78cf23a1-4e10-4c38-b1bb-7499422fbc70","engineName":"Manpower Reporting","rdbmsId":"f7e4b152-e888-4ae3-975c-076676eec871","varstore":{},"frames":[{"file":"@BaseFolder@\\db\\@ENGINE@\\version\\f7e4b152-e888-4ae3-975c-076676eec871\\FRAME.gz","meta":"@BaseFolder@\\db\\@ENGINE@\\version\\f7e4b152-e888-4ae3-975c-076676eec871\\METADATA__FRAME.owl","state":null,"type":"prerna.ds.h2.H2Frame","name":"FRAME","keys":["$CUR_FRAME_KEY","FRAME"]}],"panels":[{"panelId":"0","panelLabel":null,"view":"visualization","viewOptions":null,"viewOptionsMap":{},"config":{},"ornaments":{},"events":{},"comments":{},"position":{},"filters":[],"order":[],"cbv":[]}],"tasks":{"tasks":[{"type":"basic","task":{"taskType":"basic","id":"task1","numCollected":500,"internalOffset":0,"taskOptions":"{\"options\":{\"0\":{\"layout\":\"Grid\",\"alignment\":{\"label\":[\"Role\",\"Assigned_ID\",\"Assigned_To_Active\",\"Time_Allocated\",\"Employee_Name\",\"Project_Name\"]}}},\"ornament\":false}","qs":{"qsType":"FRAME","frameName":"FRAME","isDistinct":true,"overrideImplicit":false,"limit":500,"offset":0,"relations":"[]","selectors":[{"type":"COLUMN","content":{"table":"Role","column":"PRIM_KEY_PLACEHOLDER","alias":"Role","tableAlias":null}},{"type":"COLUMN","content":{"table":"Assigned_ID","column":"PRIM_KEY_PLACEHOLDER","alias":"Assigned_ID","tableAlias":null}},{"type":"COLUMN","content":{"table":"Assigned_To_Active","column":"PRIM_KEY_PLACEHOLDER","alias":"Assigned_To_Active","tableAlias":null}},{"type":"COLUMN","content":{"table":"Time_Allocated","column":"PRIM_KEY_PLACEHOLDER","alias":"Time_Allocated","tableAlias":null}},{"type":"COLUMN","content":{"table":"Employee_Name","column":"PRIM_KEY_PLACEHOLDER","alias":"Employee_Name","tableAlias":null}},{"type":"COLUMN","content":{"table":"Project_Name","column":"PRIM_KEY_PLACEHOLDER","alias":"Project_Name","tableAlias":null}}]}}}],"taskCounter":2},"recipe":["AddPanel ( 0 ) ;","Panel ( 0 ) | SetPanelView ( \"visualization\" ) ;","CreateFrame ( grid ) .as ( [ FRAME ] ) ;","Database ( \"78cf23a1-4e10-4c38-b1bb-7499422fbc70\" ) | Select ( Assigned_ID__Role , Assigned_ID , Assigned_ID__Assigned_To_Active , Assigned_ID__Time_Allocated , Assigned_ID__Employee_Name , Assigned_ID__Project_Name ) | Limit ( 500 ) | Import ( ) ;","Frame ( ) | Select ( Role , Assigned_ID , Assigned_To_Active , Time_Allocated , Employee_Name , Project_Name ) | Format ( type = [ 'table' ] ) | TaskOptions ( { \"0\" : { \"layout\" : \"Grid\" , \"alignment\" : { \"label\" : [ \"Role\" , \"Assigned_ID\" , \"Assigned_To_Active\" , \"Time_Allocated\" , \"Employee_Name\" , \"Project_Name\" ] } } } ) | Collect ( 500 ) ;"]}