{"engineId":"78cf23a1-4e10-4c38-b1bb-7499422fbc70","engineName":"Manpower Reporting","rdbmsId":"74b38aa4-4e8b-42b2-b386-41bbb913216d","varstore":{},"frames":[{"file":"@BaseFolder@\\db\\@ENGINE@\\version\\74b38aa4-4e8b-42b2-b386-41bbb913216d\\FRAME.gz","meta":"@BaseFolder@\\db\\@ENGINE@\\version\\74b38aa4-4e8b-42b2-b386-41bbb913216d\\METADATA__FRAME.owl","state":null,"type":"prerna.ds.h2.H2Frame","name":"FRAME","keys":["$CUR_FRAME_KEY","FRAME"]}],"panels":[{"panelId":"0","panelLabel":null,"view":"visualization","viewOptions":null,"viewOptionsMap":{},"config":{},"ornaments":{},"events":{},"comments":{},"position":{},"filters":[],"order":[],"cbv":[]}],"tasks":{"tasks":[{"type":"basic","task":{"taskType":"basic","id":"task1","numCollected":500,"internalOffset":0,"taskOptions":"{\"options\":{\"0\":{\"layout\":\"Grid\",\"alignment\":{\"label\":[\"GOV_CTR\",\"Employee_Name\",\"Employee_Active\",\"Location\"]}}},\"ornament\":false}","qs":{"qsType":"FRAME","frameName":"FRAME","isDistinct":true,"overrideImplicit":false,"limit":500,"offset":0,"relations":"[]","selectors":[{"type":"COLUMN","content":{"table":"GOV_CTR","column":"PRIM_KEY_PLACEHOLDER","alias":"GOV_CTR","tableAlias":null}},{"type":"COLUMN","content":{"table":"Employee_Name","column":"PRIM_KEY_PLACEHOLDER","alias":"Employee_Name","tableAlias":null}},{"type":"COLUMN","content":{"table":"Employee_Active","column":"PRIM_KEY_PLACEHOLDER","alias":"Employee_Active","tableAlias":null}},{"type":"COLUMN","content":{"table":"Location","column":"PRIM_KEY_PLACEHOLDER","alias":"Location","tableAlias":null}}]}}}],"taskCounter":2},"recipe":["AddPanel ( 0 ) ;","Panel ( 0 ) | SetPanelView ( \"visualization\" ) ;","CreateFrame ( grid ) .as ( [ FRAME ] ) ;","Database ( \"78cf23a1-4e10-4c38-b1bb-7499422fbc70\" ) | Select ( Employee_Name__GOV_CTR , Employee_Name , Employee_Name__Employee_Active , Employee_Name__Location ) | Limit ( 500 ) | Import ( ) ;","Frame ( ) | Select ( GOV_CTR , Employee_Name , Employee_Active , Location ) | Format ( type = [ 'table' ] ) | TaskOptions ( { \"0\" : { \"layout\" : \"Grid\" , \"alignment\" : { \"label\" : [ \"GOV_CTR\" , \"Employee_Name\" , \"Employee_Active\" , \"Location\" ] } } } ) | Collect ( 500 ) ;"]}