{"insightID":"13c8a418-ae69-484e-be5c-461774da447c","pixelReturn":[{"pixelExpression":"CachedPanel ( \"0\" ) ;","isMeta":false,"output":{"panelId":"0","view":"visualization","viewOptionsMap":{},"config":{},"ornaments":{},"events":{},"comments":{},"position":{},"filters":[],"order":[],"cbv":[]},"operationType":["CACHED_PANEL"]},{"pixelExpression":"Frame ( ) | Select ( GOV_CTR , Employee_Name , Employee_Active , Location ) | Format ( type = [ 'table' ] ) | TaskOptions ( { \"0\" : { \"layout\" : \"Grid\" , \"alignment\" : { \"label\" : [ \"GOV_CTR\" , \"Employee_Name\" , \"Employee_Active\" , \"Location\" ] } } } ) | Collect ( 500 ) ;","isMeta":false,"output":{"data":{"values":[["CTR","Dolores_Ross","YES","FC"],["CTR","Jennifer_Newton","YES","FC"],["CTR","Tonu_Nauage","YES","FC"],["CTR","Paxton_Gammie","YES","FC"],["CTR","Joshua_Browning","YES","FC"],["CTR","Alexander_Hall","YES","FC"],["CTR","Rosalynn_Dhramapitaksook","YES","FC"],["CTR","Selamawit_Telahun_(Cookie)","YES","FC"],["CTR","Mike_Bliss","YES","FC"],["CTR","Larry_Long","YES","FC"],["CTR","Christian_Weaver","YES","FC"],["CTR","Grant_Toeneboehn","YES","FC"],["CTR","Jack_Garabedian","YES","FC"],["CTR","Donte_Blackwell","YES","FC"],["CTR","Sara_Wujciak","YES","FC"],["CTR","Robin_Brower","YES","FC"],["CTR","TEST","YES","FC"],["CTR","Cameron_Abbott","YES","FC"],["CTR","Kenneth_Keith","YES","FC"],["CTR","Sylvia_Ortega","YES","FC"],["GOV","Julie_OBrien","YES","SA"],["GOV","Denise_Holloway","YES","FC"],["GOV","Ying_Gomez","YES","SA"],["GOV","Karen_Nelson","YES","FC"],["GOV","Matt_Sandidge","YES","SA"],["GOV","Christopher_Combs","YES","SA"],["GOV","Kristine_Peluso","YES","FC"],["GOV","Ann_Williams","YES","SA"],["GOV","Kurt_Benz","YES","SA"],["GOV","CDR_Nazario","YES","FC"],["GOV","Brent_Sonnier","YES","SA"]],"headers":["GOV_CTR","Employee_Name","Employee_Active","Location"],"rawHeaders":["GOV_CTR","EMPLOYEE_NAME","EMPLOYEE_ACTIVE","LOCATION"]},"headerInfo":[{"alias":"GOV_CTR","header":"GOV_CTR","type":"STRING","derived":false},{"alias":"Employee_Name","header":"Employee_Name","type":"STRING","derived":false},{"alias":"Employee_Active","header":"Employee_Active","type":"STRING","derived":false},{"alias":"Location","header":"Location","type":"STRING","derived":false}],"sortInfo":[],"numRows":31,"numCollected":500,"taskOptions":{"0":{"layout":"Grid","alignment":{"label":["GOV_CTR","Employee_Name","Employee_Active","Location"]}}},"format":{"type":"TABLE"},"filterInfo":[],"taskId":"task1"},"operationType":["TASK_DATA"]}]}