{"engineId":"78cf23a1-4e10-4c38-b1bb-7499422fbc70","engineName":"Manpower Reporting","rdbmsId":"e4b31a1d-9012-46f3-9cee-b5ef40f0827d","varstore":{},"frames":[{"file":"@BaseFolder@\\db\\@ENGINE@\\version\\e4b31a1d-9012-46f3-9cee-b5ef40f0827d\\FRAME.gz","meta":"@BaseFolder@\\db\\@ENGINE@\\version\\e4b31a1d-9012-46f3-9cee-b5ef40f0827d\\METADATA__FRAME.owl","state":null,"type":"prerna.ds.h2.H2Frame","name":"FRAME","keys":["$CUR_FRAME_KEY","FRAME"]}],"panels":[{"panelId":"0","panelLabel":null,"view":"visualization","viewOptions":null,"viewOptionsMap":{},"config":{},"ornaments":{},"events":{},"comments":{},"position":{},"filters":[],"order":[],"cbv":[]}],"tasks":{"tasks":[{"type":"basic","task":{"taskType":"basic","id":"task1","numCollected":500,"internalOffset":0,"taskOptions":"{\"options\":{\"0\":{\"layout\":\"Grid\",\"alignment\":{\"label\":[\"Meeting_Name\",\"Meeting_Active\",\"Meeting_Type\",\"Meeting_Priority\"]}}},\"ornament\":false}","qs":{"qsType":"FRAME","frameName":"FRAME","isDistinct":true,"overrideImplicit":false,"limit":500,"offset":0,"relations":"[]","selectors":[{"type":"COLUMN","content":{"table":"Meeting_Name","column":"PRIM_KEY_PLACEHOLDER","alias":"Meeting_Name","tableAlias":null}},{"type":"COLUMN","content":{"table":"Meeting_Active","column":"PRIM_KEY_PLACEHOLDER","alias":"Meeting_Active","tableAlias":null}},{"type":"COLUMN","content":{"table":"Meeting_Type","column":"PRIM_KEY_PLACEHOLDER","alias":"Meeting_Type","tableAlias":null}},{"type":"COLUMN","content":{"table":"Meeting_Priority","column":"PRIM_KEY_PLACEHOLDER","alias":"Meeting_Priority","tableAlias":null}}]}}}],"taskCounter":2},"recipe":["AddPanel ( 0 ) ;","Panel ( 0 ) | SetPanelView ( \"visualization\" ) ;","CreateFrame ( grid ) .as ( [ FRAME ] ) ;","Database ( \"78cf23a1-4e10-4c38-b1bb-7499422fbc70\" ) | Select ( Meeting_Name , Meeting_Name__Meeting_Active , Meeting_Name__Meeting_Type , Meeting_Name__Meeting_Priority ) | Limit ( 500 ) | Import ( ) ;","Frame ( ) | Select ( Meeting_Name , Meeting_Active , Meeting_Type , Meeting_Priority ) | Format ( type = [ 'table' ] ) | TaskOptions ( { \"0\" : { \"layout\" : \"Grid\" , \"alignment\" : { \"label\" : [ \"Meeting_Name\" , \"Meeting_Active\" , \"Meeting_Type\" , \"Meeting_Priority\" ] } } } ) | Collect ( 500 ) ;"]}