{"insightID":"3f3e3ef8-0e59-40bb-98e8-a2419d646f55","pixelReturn":[{"pixelExpression":"CachedPanel ( \"0\" ) ;","isMeta":false,"output":{"panelId":"0","view":"visualization","viewOptionsMap":{},"config":{},"ornaments":{},"events":{},"comments":{},"position":{},"filters":[],"order":[],"cbv":[]},"operationType":["CACHED_PANEL"]},{"pixelExpression":"Frame ( ) | Select ( Meeting_Name , Meeting_Active , Meeting_Type , Meeting_Priority ) | Format ( type = [ 'table' ] ) | TaskOptions ( { \"0\" : { \"layout\" : \"Grid\" , \"alignment\" : { \"label\" : [ \"Meeting_Name\" , \"Meeting_Active\" , \"Meeting_Type\" , \"Meeting_Priority\" ] } } } ) | Collect ( 500 ) ;","isMeta":false,"output":{"data":{"values":[["AACE_Branch_Lead_Meeting,_Monthly","YES","AACE","Medium"],["AACE_Division_Deployment_IPT","YES","AACE","Low"],["AACE_Division_EAWG","YES","AACE","Low"],["AACE_Division_Monday_Sync,_Weekly","YES","AACE","High"],["AACE_Division_Space_Meeting","YES","AACE","Low"],["AACE_Division_Technical_Executive_Committee_(TEC)","YES","DAD_IO","Low"],["AACE_Division_WIN10_Schedule_Meeting","YES","AACE","Low"],["AWS_Tagging,_Billing_and_Naming_Meeting","YES","AACE","High"],["Amazon_Web_Service_Integrated_Schedule_Sync","YES","AACE","High"],["CCES_Weekly_Technical_Working_Group","YES","AACE","High"],["CIO(J-6)_Working_Group","YES","DAD_IO","High"],["CIO_(J-6)_CC_Meeting","YES","DAD_IO","High"],["CIO_(J-6)_Executive_Meeting,_Weekly","YES","DAD_IO","High"],["CIO_(J-6)_IT_Reform","YES","DAD_IO","Medium"],["CIO_(J-6)_Manpower_Meeting","YES","DAD_IO","Medium"],["CIO_(J-6)_Operational_Acceleration_Meetings","YES","DAD_IO","Medium"],["Cloud_Computing_Enterprise_Services_Engineering_WG","YES","AACE","High"],["D2D_PM_Meeting,_Weekly","YES","OPSCENTER","High"],["DHA_Functional_Advisory_Council_(FAC)","YES","DHA","Medium"],["ECAPS_Financial_IPT","YES","DOD","High"],["ECAPS_Voice_&_Video_Technical_WG","YES","DOD","High"],["ECAPS_WG","YES","DOD","High"],["EHR_WSC_Meeting,_Monthly","YES","DHA","High"],["EIDS_AWS_Pathfinder_Schedule_Meeting","YES","AACE","High"],["EIDS_Data_Warehouse_Bi-Weekly_Tecnichal_WG","YES","AACE","High"],["Engineering_Control_Board","YES","DAD_IO","High"],["Enterprise_Reporting_Initiative","YES","AACE","Medium"],["LogiCole_Cloud_Hosing","YES","AACE","Medium"],["OPSCENTER_-_Exec_Meeting,_Mondays,_Weekly","YES","OPSCENTER","High"],["OPSCENTER_-_Exec_Meeting,_Thursdays,_Weekly","YES","OPSCENTER","High"],["OPSCENTER_-_Meeting-Planning_Huddle","YES","OPSCENTER","High"],["Operations_Management_Staff_Meeting","YES","OM","Medium"],["POB_Government_Meeting,_Thursdays","YES","POB","Medium"],["POB_Team_Quad_Review,_Thursdays","YES","POB","Medium"],["UK_DHA_Information_Sharing_Forums","YES","DHA","High"]],"headers":["Meeting_Name","Meeting_Active","Meeting_Type","Meeting_Priority"],"rawHeaders":["MEETING_NAME","MEETING_ACTIVE","MEETING_TYPE","MEETING_PRIORITY"]},"headerInfo":[{"alias":"Meeting_Name","header":"Meeting_Name","type":"STRING","derived":false},{"alias":"Meeting_Active","header":"Meeting_Active","type":"STRING","derived":false},{"alias":"Meeting_Type","header":"Meeting_Type","type":"STRING","derived":false},{"alias":"Meeting_Priority","header":"Meeting_Priority","type":"STRING","derived":false}],"sortInfo":[],"numRows":35,"numCollected":500,"taskOptions":{"0":{"layout":"Grid","alignment":{"label":["Meeting_Name","Meeting_Active","Meeting_Type","Meeting_Priority"]}}},"format":{"type":"TABLE"},"filterInfo":[],"taskId":"task1"},"operationType":["TASK_DATA"]}]}