{"engineId":"78cf23a1-4e10-4c38-b1bb-7499422fbc70","engineName":"Manpower Reporting","rdbmsId":"74e8e5fc-3986-489d-bcef-cf5eeee3ac36","varstore":{},"frames":[{"file":"@BaseFolder@\\db\\@ENGINE@\\version\\74e8e5fc-3986-489d-bcef-cf5eeee3ac36\\FRAME439584.gz","meta":"@BaseFolder@\\db\\@ENGINE@\\version\\74e8e5fc-3986-489d-bcef-cf5eeee3ac36\\METADATA__FRAME439584.owl","state":null,"type":"prerna.ds.h2.H2Frame","name":"FRAME439584","keys":["$CUR_FRAME_KEY","FRAME439584"]}],"panels":[{"panelId":"0","panelLabel":"Project Statistics","view":"text-widget","viewOptions":"{\"html\":\"<div id=\\\"projectFacts\\\">\\n    <div class=\\\"item\\\">\\n      <div class=\\\"icon\\\">\\n        <i class=\\\"fa fa-tasks fa-3x\\\"></i>\\n      </div>\\n      <div class=\\\"item-contents\\\">\\n          <p class=\\\"number\\\">{{PC[0][\\\"output\\\"][\\\"data\\\"][\\\"values\\\"][0][0] | number:0}}</p>\\n          <div class=\\\"line\\\"></div>\\n          <p class=\\\"label\\\">Projects</p>\\n      </div>\\n      \\n    </div>\\n    <div class=\\\"item\\\">\\n        <div class=\\\"icon\\\">\\n            <i class=\\\"fa fa-university fa-3x\\\"></i>\\n          </div>\\n          <div class=\\\"item-contents\\\">\\n                <p class=\\\"number\\\">{{GOV[0][\\\"output\\\"][\\\"data\\\"][\\\"values\\\"][0][0] | number:0}}</p>\\n                <div class=\\\"line\\\"></div>\\n                <p class=\\\"label\\\">Billots</p>\\n          </div>\\n    </div>\\n    <div class=\\\"item\\\">\\n        <div class=\\\"icon\\\">\\n                <i class=\\\"fa fa-id-badge fa-3x\\\"></i>\\n        </div>\\n        <div class=\\\"item-contents\\\">\\n            <p class=\\\"number\\\">{{CTR[0][\\\"output\\\"][\\\"data\\\"][\\\"values\\\"][0][0] | number:0}}</p>\\n            <div class=\\\"line\\\"></div>\\n            <p class=\\\"label\\\">Contractors</p>\\n        </div>\\n      \\n    </div>\\n    <div class=\\\"item\\\">\\n        <div class=\\\"icon\\\">\\n                <i class=\\\"fa fa-location-arrow fa-3x\\\"></i>\\n          </div>\\n          <div class=\\\"item-contents\\\">\\n              <p class=\\\"number\\\">{{SA[0][\\\"output\\\"][\\\"data\\\"][\\\"values\\\"][0][0] | number:0}}</p>\\n              <div class=\\\"line\\\"></div>\\n              <p class=\\\"label\\\">San Antonio</p>\\n          </div>\\n      \\n    </div>\\n    <div class=\\\"item\\\">\\n        <div class=\\\"icon\\\">\\n                <i class=\\\"fa fa-map-marker fa-3x\\\"></i>\\n          </div>\\n          <div class=\\\"item-contents\\\">\\n              <p class=\\\"number\\\">{{FC[0][\\\"output\\\"][\\\"data\\\"][\\\"values\\\"][0][0] | number:0}}</p>\\n              <div class=\\\"line\\\"></div>\\n              <p class=\\\"label\\\">Falls Church</p>\\n          </div>\\n      \\n    </div>\\n</div>\\n\\n<style>\\n  #projectFacts {\\n    height: 100px;\\n    color:  rgba(87, 87, 87, 0.8);\\n    background: rgb(226, 226, 226);\\n    display: flex;\\n    flex-direction: row;\\n    font-family: \\\"Open Sans\\\", \\\"Helvetica Neue\\\", \\\"Helvetica\\\", \\\"Arial\\\", \\\"sans-serif\\\";\\n  }\\n\\n  .item {\\n    display: flex;\\n    flex-direction: row;\\n    width: 20%;\\n    text-align: center;\\n    border: 1px solid #ccc;\\n    height: 100%\\n  }\\n\\n  .icon {\\n    width: 33%;\\n    display: flex;\\n    justify-content: center;\\n    align-items: center\\n  }\\n\\n  i {\\n      width: 50%;\\n      height:50%;\\n      \\n  }\\n\\n  .item-container {\\n    width: 66.67%;\\n  }\\n  \\n  .number {\\n    font-size: 30px;\\n    font-weight: bold;\\n    margin: 0;\\n  }\\n\\n  .line {\\n    width: 160px;\\n    background: #00a3e0;\\n    height: 2px;\\n    margin: 0 auto;\\n  }\\n\\n  .label {\\n    font-size: 20px;\\n    margin: 8px;\\n  }\\n</style>\",\"varList\":[{\"name\":\"PC\",\"query\":\"Select(UniqueCount(Project_Name)) | Filter(Project_Active == [\\\"YES\\\"]) | Collect(1)\"},{\"name\":\"GOV\",\"query\":\"Select(UniqueCount(Employee_Name)) | Filter(GOV_CTR == [\\\"GOV\\\"]) | Filter(Employee_Active == [\\\"YES\\\"])  | Collect(1)\"},{\"name\":\"CTR\",\"query\":\"Select(UniqueCount(Employee_Name)) | Filter(GOV_CTR == [\\\"CTR\\\"]) | Filter(Employee_Active == [\\\"YES\\\"])  | Collect(1)\"},{\"name\":\"SA\",\"query\":\"Select(UniqueCount(Employee_Name)) | Filter(Location == [\\\"SA\\\"]) | Filter(Employee_Active == [\\\"YES\\\"])  | Collect(1)\"},{\"name\":\"FC\",\"query\":\"Select(UniqueCount(Employee_Name)) | Filter(Location == [\\\"FC\\\"]) | Filter(Employee_Active == [\\\"YES\\\"])  | Collect(1)\"}],\"freeze\":false,\"loading\":true}","viewOptionsMap":{"federate-view":{"app_id":"677d0bc4-50ee-4089-89b3-209fdcaace4a"},"visualization":{"type":"echarts"},"text-widget":{"html":"<div id=\"projectFacts\">\n    <div class=\"item\">\n      <div class=\"icon\">\n        <i class=\"fa fa-tasks fa-3x\"></i>\n      </div>\n      <div class=\"item-contents\">\n          <p class=\"number\">{{PC[0][\"output\"][\"data\"][\"values\"][0][0] | number:0}}</p>\n          <div class=\"line\"></div>\n          <p class=\"label\">Projects</p>\n      </div>\n      \n    </div>\n    <div class=\"item\">\n        <div class=\"icon\">\n            <i class=\"fa fa-university fa-3x\"></i>\n          </div>\n          <div class=\"item-contents\">\n                <p class=\"number\">{{GOV[0][\"output\"][\"data\"][\"values\"][0][0] | number:0}}</p>\n                <div class=\"line\"></div>\n                <p class=\"label\">Billots</p>\n          </div>\n    </div>\n    <div class=\"item\">\n        <div class=\"icon\">\n                <i class=\"fa fa-id-badge fa-3x\"></i>\n        </div>\n        <div class=\"item-contents\">\n            <p class=\"number\">{{CTR[0][\"output\"][\"data\"][\"values\"][0][0] | number:0}}</p>\n            <div class=\"line\"></div>\n            <p class=\"label\">Contractors</p>\n        </div>\n      \n    </div>\n    <div class=\"item\">\n        <div class=\"icon\">\n                <i class=\"fa fa-location-arrow fa-3x\"></i>\n          </div>\n          <div class=\"item-contents\">\n              <p class=\"number\">{{SA[0][\"output\"][\"data\"][\"values\"][0][0] | number:0}}</p>\n              <div class=\"line\"></div>\n              <p class=\"label\">San Antonio</p>\n          </div>\n      \n    </div>\n    <div class=\"item\">\n        <div class=\"icon\">\n                <i class=\"fa fa-map-marker fa-3x\"></i>\n          </div>\n          <div class=\"item-contents\">\n              <p class=\"number\">{{FC[0][\"output\"][\"data\"][\"values\"][0][0] | number:0}}</p>\n              <div class=\"line\"></div>\n              <p class=\"label\">Falls Church</p>\n          </div>\n      \n    </div>\n</div>\n\n<style>\n  #projectFacts {\n    height: 100px;\n    color:  rgba(87, 87, 87, 0.8);\n    background: rgb(226, 226, 226);\n    display: flex;\n    flex-direction: row;\n    font-family: \"Open Sans\", \"Helvetica Neue\", \"Helvetica\", \"Arial\", \"sans-serif\";\n  }\n\n  .item {\n    display: flex;\n    flex-direction: row;\n    width: 20%;\n    text-align: center;\n    border: 1px solid #ccc;\n    height: 100%\n  }\n\n  .icon {\n    width: 33%;\n    display: flex;\n    justify-content: center;\n    align-items: center\n  }\n\n  i {\n      width: 50%;\n      height:50%;\n      \n  }\n\n  .item-container {\n    width: 66.67%;\n  }\n  \n  .number {\n    font-size: 30px;\n    font-weight: bold;\n    margin: 0;\n  }\n\n  .line {\n    width: 160px;\n    background: #00a3e0;\n    height: 2px;\n    margin: 0 auto;\n  }\n\n  .label {\n    font-size: 20px;\n    margin: 8px;\n  }\n</style>","varList":[{"name":"PC","query":"Select(UniqueCount(Project_Name)) | Filter(Project_Active == [\"YES\"]) | Collect(1)"},{"name":"GOV","query":"Select(UniqueCount(Employee_Name)) | Filter(GOV_CTR == [\"GOV\"]) | Filter(Employee_Active == [\"YES\"])  | Collect(1)"},{"name":"CTR","query":"Select(UniqueCount(Employee_Name)) | Filter(GOV_CTR == [\"CTR\"]) | Filter(Employee_Active == [\"YES\"])  | Collect(1)"},{"name":"SA","query":"Select(UniqueCount(Employee_Name)) | Filter(Location == [\"SA\"]) | Filter(Employee_Active == [\"YES\"])  | Collect(1)"},{"name":"FC","query":"Select(UniqueCount(Employee_Name)) | Filter(Location == [\"FC\"]) | Filter(Employee_Active == [\"YES\"])  | Collect(1)"}],"freeze":false,"loading":true}},"config":{"type":"STANDARD","opacity":100},"ornaments":{},"events":{"onSingleClick":{"Unfilter":[{"disabledVisuals":["Grid","Sunburst"],"default":true,"query":"UnfilterFrame(<SelectedColumn>);","options":{},"refresh":false,"disabled":false,"panel":""}]},"onBrush":{"Filter":[{"default":true,"query":"if(IsEmpty(<SelectedValues>), UnfilterFrame(<SelectedColumn>), SetFrameFilter(<SelectedColumn>==<SelectedValues>));","options":{},"refresh":false,"disabled":false,"panel":""}]}},"comments":{},"position":{},"filters":[],"order":[],"cbv":[]}],"tasks":{"tasks":[{"type":"basic","task":{"taskType":"basic","id":"task1","numCollected":500,"internalOffset":0,"taskOptions":"{\"options\":{\"0\":{\"layout\":\"Grid\",\"alignment\":{\"label\":[\"Assigned_To_Active\",\"Employee_Active\",\"Employee_Name\",\"GOV_CTR\",\"Location\",\"Project_Active\",\"Project_Name\",\"Project_Priority\",\"Role\",\"Time_Allocated\",\"Work_Stream\"]}}},\"ornament\":false}","qs":{"qsType":"FRAME","frameName":"FRAME439584","isDistinct":true,"overrideImplicit":false,"limit":500,"offset":0,"relations":"[]","selectors":[{"type":"COLUMN","content":{"table":"FRAME439584","column":"Assigned_To_Active","alias":"Assigned_To_Active","tableAlias":null}},{"type":"COLUMN","content":{"table":"FRAME439584","column":"Employee_Active","alias":"Employee_Active","tableAlias":null}},{"type":"COLUMN","content":{"table":"FRAME439584","column":"Employee_Name","alias":"Employee_Name","tableAlias":null}},{"type":"COLUMN","content":{"table":"FRAME439584","column":"GOV_CTR","alias":"GOV_CTR","tableAlias":null}},{"type":"COLUMN","content":{"table":"FRAME439584","column":"Location","alias":"Location","tableAlias":null}},{"type":"COLUMN","content":{"table":"FRAME439584","column":"Project_Active","alias":"Project_Active","tableAlias":null}},{"type":"COLUMN","content":{"table":"FRAME439584","column":"Project_Name","alias":"Project_Name","tableAlias":null}},{"type":"COLUMN","content":{"table":"FRAME439584","column":"Project_Priority","alias":"Project_Priority","tableAlias":null}},{"type":"COLUMN","content":{"table":"FRAME439584","column":"Role","alias":"Role","tableAlias":null}},{"type":"COLUMN","content":{"table":"FRAME439584","column":"Time_Allocated","alias":"Time_Allocated","tableAlias":null}},{"type":"COLUMN","content":{"table":"FRAME439584","column":"Work_Stream","alias":"Work_Stream","tableAlias":null}}]}}}],"taskCounter":2},"recipe":["AddPanel ( 0 ) ;","Panel ( 0 ) | AddPanelConfig ( config = [ { \"config\" : { \"type\" : \"STANDARD\" , \"opacity\" : 100 } } ] ) ;","Panel ( 0 ) | AddPanelEvents ( { \"onSingleClick\" : { \"Unfilter\" : [ { \"panel\" : \"\" , \"query\" : \"<encode>UnfilterFrame(<SelectedColumn>);</encode>\" , \"options\" : { } , \"refresh\" : false , \"default\" : true , \"disabledVisuals\" : [ \"Grid\" , \"Sunburst\" ] , \"disabled\" : false } ] } , \"onBrush\" : { \"Filter\" : [ { \"panel\" : \"\" , \"query\" : \"<encode>if(IsEmpty(<SelectedValues>), UnfilterFrame(<SelectedColumn>), SetFrameFilter(<SelectedColumn>==<SelectedValues>));</encode>\" , \"options\" : { } , \"refresh\" : false , \"default\" : true , \"disabled\" : false } ] } } ) ;","Panel ( 0 ) | RetrievePanelEvents ( ) ;","Panel ( 0 ) | SetPanelView ( \"visualization\" , \"<encode>{\"type\":\"echarts\"}</encode>\" ) ;","Panel ( 0 ) | SetPanelView ( \"federate-view\" , \"<encode>{\"app_id\":\"78cf23a1-4e10-4c38-b1bb-7499422fbc70\"}</encode>\" ) ;","AddPanel ( 0 ) ;","Panel ( 0 ) | AddPanelConfig ( config = [ { \"config\" : { \"type\" : \"STANDARD\" , \"opacity\" : 100 } } ] ) ;","Panel ( 0 ) | AddPanelEvents ( { \"onSingleClick\" : { \"Unfilter\" : [ { \"panel\" : \"\" , \"query\" : \"<encode>UnfilterFrame(<SelectedColumn>);</encode>\" , \"options\" : { } , \"refresh\" : false , \"default\" : true , \"disabledVisuals\" : [ \"Grid\" , \"Sunburst\" ] , \"disabled\" : false } ] } , \"onBrush\" : { \"Filter\" : [ { \"panel\" : \"\" , \"query\" : \"<encode>if(IsEmpty(<SelectedValues>), UnfilterFrame(<SelectedColumn>), SetFrameFilter(<SelectedColumn>==<SelectedValues>));</encode>\" , \"options\" : { } , \"refresh\" : false , \"default\" : true , \"disabled\" : false } ] } } ) ;","Panel ( 0 ) | RetrievePanelEvents ( ) ;","Panel ( 0 ) | SetPanelView ( \"visualization\" , \"<encode>{\"type\":\"echarts\"}</encode>\" ) ;","Panel ( 0 ) | SetPanelView ( \"federate-view\" , \"<encode>{\"app_id\":\"677d0bc4-50ee-4089-89b3-209fdcaace4a\"}</encode>\" ) ;","CreateFrame ( frameType = [ GRID ] , override = [ true ] ) .as ( [ 'FRAME439584' ] ) ;","Database ( database = [ \"78cf23a1-4e10-4c38-b1bb-7499422fbc70\" ] ) | Select ( Employee_Name , Employee_Name__Employee_Active , Employee_Name__GOV_CTR , Employee_Name__Location ) .as ( [ Employee_Name , Employee_Active , GOV_CTR , Location ] ) | Filter ( Employee_Name__Employee_Active == [ \"YES\" ] ) | Import ( frame = [ FRAME439584 ] ) ;","Database ( database = [ \"78cf23a1-4e10-4c38-b1bb-7499422fbc70\" ] ) | Select ( Assigned_ID__Employee_Name , Assigned_ID__Project_Name , Assigned_ID__Role , Assigned_ID__Assigned_To_Active , Assigned_ID__Time_Allocated ) .as ( [ Employee_Name , Project_Name , Role , Assigned_To_Active , Time_Allocated ] ) | Filter ( Assigned_ID__Assigned_To_Active == [ \"YES\" , null ] ) | Merge ( joins = [ ( Employee_Name , outer.join , Assigned_ID__Employee_Name ) ] , frame = [ FRAME439584 ] ) ;","Database ( database = [ \"78cf23a1-4e10-4c38-b1bb-7499422fbc70\" ] ) | Select ( Project_Name , Project_Name__Project_Active , Project_Name__Project_Priority , Project_Name__Work_Stream ) .as ( [ Project_Name , Project_Active , Project_Priority , Work_Stream ] ) | Filter ( Project_Name__Project_Active == [ \"YES\" ] ) | Merge ( joins = [ ( Project_Name , left.outer.join , Project_Name ) ] , frame = [ FRAME439584 ] ) ;","Panel ( 0 ) | SetPanelView ( \"visualization\" ) ;","Frame ( frame = [ FRAME439584 ] ) | QueryAll ( ) | AutoTaskOptions ( panel = [ \"0\" ] , layout = [ \"Grid\" ] ) | Collect ( 500 ) ;","Panel ( 0 ) | SetPanelView ( \"text-widget\" ) ;","Panel ( 0 ) | SetPanelView ( \"text-widget\" , \"<encode>{\"html\":\"<div id=\\\"projectFacts\\\">\\n    <div class=\\\"item\\\">\\n      <p class=\\\"number\\\">{{PC[0][\\\"output\\\"][\\\"data\\\"][\\\"values\\\"][0][0] | number:0}}</p>\\n      <div class=\\\"line\\\"></div>\\n      <p class=\\\"label\\\">Projects</p>\\n    </div>\\n    <div class=\\\"item\\\">\\n      <p class=\\\"number\\\">{{GOV[0][\\\"output\\\"][\\\"data\\\"][\\\"values\\\"][0][0] | number:0}}</p>\\n      <div class=\\\"line\\\"></div>\\n      <p class=\\\"label\\\">Government Employees</p>\\n    </div>\\n    <div class=\\\"item\\\">\\n      <p class=\\\"number\\\">{{CTR[0][\\\"output\\\"][\\\"data\\\"][\\\"values\\\"][0][0] | number:0}}</p>\\n      <div class=\\\"line\\\"></div>\\n      <p class=\\\"label\\\">Contractors</p>\\n    </div>\\n    <div class=\\\"item\\\">\\n      <p class=\\\"number\\\">{{SA[0][\\\"output\\\"][\\\"data\\\"][\\\"values\\\"][0][0] | number:0}}</p>\\n      <div class=\\\"line\\\"></div>\\n      <p class=\\\"label\\\">Located in San Antonio</p>\\n    </div>\\n    <div class=\\\"item\\\">\\n      <p class=\\\"number\\\">{{FC[0][\\\"output\\\"][\\\"data\\\"][\\\"values\\\"][0][0] | number:0}}</p>\\n      <div class=\\\"line\\\"></div>\\n      <p class=\\\"label\\\">Located in Falls Church</p>\\n    </div>\\n</div>\\n\\n<style>\\n  #projectFacts {\\n    height: 100px;\\n    color:  rgba(87, 87, 87, 0.8);\\n    background: rgb(226, 226, 226);\\n    display: flex;\\n    flex-direction: row;\\n    font-family: \\\"Open Sans\\\", \\\"Helvetica Neue\\\", \\\"Helvetica\\\", \\\"Arial\\\", \\\"sans-serif\\\";\\n  }\\n\\n  .item {\\n    width: 20%;\\n    text-align: center;\\n    border: 1px solid #ccc;\\n    height: 100%\\n  }\\n  \\n  .number {\\n    font-size: 30px;\\n    font-weight: bold;\\n    margin: 0;\\n  }\\n\\n  .line {\\n    width: 160px;\\n    background: #00a3e0;\\n    height: 2px;\\n    margin: 0 auto;\\n  }\\n\\n  .label {\\n    font-size: 20px;\\n    margin: 8px;\\n  }\\n</style>\",\"varList\":[{\"name\":\"PC\",\"query\":\"Select(UniqueCount(Project_Name)) | Filter(Project_Active == [\\\"YES\\\"]) | Collect(1)\"},{\"name\":\"GOV\",\"query\":\"Select(UniqueCount(Employee_Name)) | Filter(GOV_CTR == [\\\"GOV\\\"]) | Filter(Employee_Active == [\\\"YES\\\"])  | Collect(1)\"},{\"name\":\"CTR\",\"query\":\"Select(UniqueCount(Employee_Name)) | Filter(GOV_CTR == [\\\"CTR\\\"]) | Filter(Employee_Active == [\\\"YES\\\"])  | Collect(1)\"},{\"name\":\"SA\",\"query\":\"Select(UniqueCount(Employee_Name)) | Filter(Location == [\\\"SA\\\"]) | Filter(Employee_Active == [\\\"YES\\\"])  | Collect(1)\"},{\"name\":\"FC\",\"query\":\"Select(UniqueCount(Employee_Name)) | Filter(Location == [\\\"FC\\\"]) | Filter(Employee_Active == [\\\"YES\\\"])  | Collect(1)\"}],\"freeze\":false}</encode>\" ) ;","Panel ( 0 ) | SetPanelLabel ( \"Project Statistics\" ) ;","Panel ( 0 ) | SetPanelView ( \"text-widget\" , \"<encode>{\"html\":\"<div id=\\\"projectFacts\\\">\\n    <div class=\\\"item\\\">\\n      <div class=\\\"icon\\\">\\n        <i class=\\\"fa fa-tasks fa-3x\\\"></i>\\n      </div>\\n      <div class=\\\"item-contents\\\">\\n          <p class=\\\"number\\\">{{PC[0][\\\"output\\\"][\\\"data\\\"][\\\"values\\\"][0][0] | number:0}}</p>\\n          <div class=\\\"line\\\"></div>\\n          <p class=\\\"label\\\">Projects</p>\\n      </div>\\n      \\n    </div>\\n    <div class=\\\"item\\\">\\n        <div class=\\\"icon\\\">\\n            <i class=\\\"fa fa-university fa-3x\\\"></i>\\n          </div>\\n          <div class=\\\"item-contents\\\">\\n                <p class=\\\"number\\\">{{GOV[0][\\\"output\\\"][\\\"data\\\"][\\\"values\\\"][0][0] | number:0}}</p>\\n                <div class=\\\"line\\\"></div>\\n                <p class=\\\"label\\\">Billots</p>\\n          </div>\\n    </div>\\n    <div class=\\\"item\\\">\\n        <div class=\\\"icon\\\">\\n                <i class=\\\"fa fa-id-badge fa-3x\\\"></i>\\n        </div>\\n        <div class=\\\"item-contents\\\">\\n            <p class=\\\"number\\\">{{CTR[0][\\\"output\\\"][\\\"data\\\"][\\\"values\\\"][0][0] | number:0}}</p>\\n            <div class=\\\"line\\\"></div>\\n            <p class=\\\"label\\\">Contractors</p>\\n        </div>\\n      \\n    </div>\\n    <div class=\\\"item\\\">\\n        <div class=\\\"icon\\\">\\n                <i class=\\\"fa fa-location-arrow fa-3x\\\"></i>\\n          </div>\\n          <div class=\\\"item-contents\\\">\\n              <p class=\\\"number\\\">{{SA[0][\\\"output\\\"][\\\"data\\\"][\\\"values\\\"][0][0] | number:0}}</p>\\n              <div class=\\\"line\\\"></div>\\n              <p class=\\\"label\\\">San Antonio</p>\\n          </div>\\n      \\n    </div>\\n    <div class=\\\"item\\\">\\n        <div class=\\\"icon\\\">\\n                <i class=\\\"fa fa-map-marker fa-3x\\\"></i>\\n          </div>\\n          <div class=\\\"item-contents\\\">\\n              <p class=\\\"number\\\">{{FC[0][\\\"output\\\"][\\\"data\\\"][\\\"values\\\"][0][0] | number:0}}</p>\\n              <div class=\\\"line\\\"></div>\\n              <p class=\\\"label\\\">Falls Church</p>\\n          </div>\\n      \\n    </div>\\n</div>\\n\\n<style>\\n  #projectFacts {\\n    height: 100px;\\n    color:  rgba(87, 87, 87, 0.8);\\n    background: rgb(226, 226, 226);\\n    display: flex;\\n    flex-direction: row;\\n    font-family: \\\"Open Sans\\\", \\\"Helvetica Neue\\\", \\\"Helvetica\\\", \\\"Arial\\\", \\\"sans-serif\\\";\\n  }\\n\\n  .item {\\n    display: flex;\\n    flex-direction: row;\\n    width: 20%;\\n    text-align: center;\\n    border: 1px solid #ccc;\\n    height: 100%\\n  }\\n\\n  .icon {\\n    width: 33%;\\n    display: flex;\\n    justify-content: center;\\n    align-items: center\\n  }\\n\\n  i {\\n      width: 50%;\\n      height:50%;\\n      \\n  }\\n\\n  .item-container {\\n    width: 66.67%;\\n  }\\n  \\n  .number {\\n    font-size: 30px;\\n    font-weight: bold;\\n    margin: 0;\\n  }\\n\\n  .line {\\n    width: 160px;\\n    background: #00a3e0;\\n    height: 2px;\\n    margin: 0 auto;\\n  }\\n\\n  .label {\\n    font-size: 20px;\\n    margin: 8px;\\n  }\\n</style>\",\"varList\":[{\"name\":\"PC\",\"query\":\"Select(UniqueCount(Project_Name)) | Filter(Project_Active == [\\\"YES\\\"]) | Collect(1)\"},{\"name\":\"GOV\",\"query\":\"Select(UniqueCount(Employee_Name)) | Filter(GOV_CTR == [\\\"GOV\\\"]) | Filter(Employee_Active == [\\\"YES\\\"])  | Collect(1)\"},{\"name\":\"CTR\",\"query\":\"Select(UniqueCount(Employee_Name)) | Filter(GOV_CTR == [\\\"CTR\\\"]) | Filter(Employee_Active == [\\\"YES\\\"])  | Collect(1)\"},{\"name\":\"SA\",\"query\":\"Select(UniqueCount(Employee_Name)) | Filter(Location == [\\\"SA\\\"]) | Filter(Employee_Active == [\\\"YES\\\"])  | Collect(1)\"},{\"name\":\"FC\",\"query\":\"Select(UniqueCount(Employee_Name)) | Filter(Location == [\\\"FC\\\"]) | Filter(Employee_Active == [\\\"YES\\\"])  | Collect(1)\"}],\"freeze\":false,\"loading\":true}</encode>\" ) ;"]}