{"insightID":"26ea0aa8-a2b1-45b8-8c57-66e8913861b1","pixelReturn":[{"pixelExpression":"CachedPanel ( \"0\" ) ;","isMeta":false,"output":{"panelId":"0","panelLabel":"Project Statistics","view":"text-widget","viewOptions":"{\"html\":\"<div id=\\\"projectFacts\\\">\\n    <div class=\\\"item\\\">\\n      <div class=\\\"icon\\\">\\n        <i class=\\\"fa fa-tasks fa-3x\\\"></i>\\n      </div>\\n      <div class=\\\"item-contents\\\">\\n          <p class=\\\"number\\\">{{PC[0][\\\"output\\\"][\\\"data\\\"][\\\"values\\\"][0][0] | number:0}}</p>\\n          <div class=\\\"line\\\"></div>\\n          <p class=\\\"label\\\">Projects</p>\\n      </div>\\n      \\n    </div>\\n    <div class=\\\"item\\\">\\n        <div class=\\\"icon\\\">\\n            <i class=\\\"fa fa-university fa-3x\\\"></i>\\n          </div>\\n          <div class=\\\"item-contents\\\">\\n                <p class=\\\"number\\\">{{GOV[0][\\\"output\\\"][\\\"data\\\"][\\\"values\\\"][0][0] | number:0}}</p>\\n                <div class=\\\"line\\\"></div>\\n                <p class=\\\"label\\\">Billots</p>\\n          </div>\\n    </div>\\n    <div class=\\\"item\\\">\\n        <div class=\\\"icon\\\">\\n                <i class=\\\"fa fa-id-badge fa-3x\\\"></i>\\n        </div>\\n        <div class=\\\"item-contents\\\">\\n            <p class=\\\"number\\\">{{CTR[0][\\\"output\\\"][\\\"data\\\"][\\\"values\\\"][0][0] | number:0}}</p>\\n            <div class=\\\"line\\\"></div>\\n            <p class=\\\"label\\\">Contractors</p>\\n        </div>\\n      \\n    </div>\\n    <div class=\\\"item\\\">\\n        <div class=\\\"icon\\\">\\n                <i class=\\\"fa fa-location-arrow fa-3x\\\"></i>\\n          </div>\\n          <div class=\\\"item-contents\\\">\\n              <p class=\\\"number\\\">{{SA[0][\\\"output\\\"][\\\"data\\\"][\\\"values\\\"][0][0] | number:0}}</p>\\n              <div class=\\\"line\\\"></div>\\n              <p class=\\\"label\\\">San Antonio</p>\\n          </div>\\n      \\n    </div>\\n    <div class=\\\"item\\\">\\n        <div class=\\\"icon\\\">\\n                <i class=\\\"fa fa-map-marker fa-3x\\\"></i>\\n          </div>\\n          <div class=\\\"item-contents\\\">\\n              <p class=\\\"number\\\">{{FC[0][\\\"output\\\"][\\\"data\\\"][\\\"values\\\"][0][0] | number:0}}</p>\\n              <div class=\\\"line\\\"></div>\\n              <p class=\\\"label\\\">Falls Church</p>\\n          </div>\\n      \\n    </div>\\n</div>\\n\\n<style>\\n  #projectFacts {\\n    height: 100px;\\n    color:  rgba(87, 87, 87, 0.8);\\n    background: rgb(226, 226, 226);\\n    display: flex;\\n    flex-direction: row;\\n    font-family: \\\"Open Sans\\\", \\\"Helvetica Neue\\\", \\\"Helvetica\\\", \\\"Arial\\\", \\\"sans-serif\\\";\\n  }\\n\\n  .item {\\n    display: flex;\\n    flex-direction: row;\\n    width: 20%;\\n    text-align: center;\\n    border: 1px solid #ccc;\\n    height: 100%\\n  }\\n\\n  .icon {\\n    width: 33%;\\n    display: flex;\\n    justify-content: center;\\n    align-items: center\\n  }\\n\\n  i {\\n      width: 50%;\\n      height:50%;\\n      \\n  }\\n\\n  .item-container {\\n    width: 66.67%;\\n  }\\n  \\n  .number {\\n    font-size: 30px;\\n    font-weight: bold;\\n    margin: 0;\\n  }\\n\\n  .line {\\n    width: 160px;\\n    background: #00a3e0;\\n    height: 2px;\\n    margin: 0 auto;\\n  }\\n\\n  .label {\\n    font-size: 20px;\\n    margin: 8px;\\n  }\\n</style>\",\"varList\":[{\"name\":\"PC\",\"query\":\"Select(UniqueCount(Project_Name)) | Filter(Project_Active == [\\\"YES\\\"]) | Collect(1)\"},{\"name\":\"GOV\",\"query\":\"Select(UniqueCount(Employee_Name)) | Filter(GOV_CTR == [\\\"GOV\\\"]) | Filter(Employee_Active == [\\\"YES\\\"])  | Collect(1)\"},{\"name\":\"CTR\",\"query\":\"Select(UniqueCount(Employee_Name)) | Filter(GOV_CTR == [\\\"CTR\\\"]) | Filter(Employee_Active == [\\\"YES\\\"])  | Collect(1)\"},{\"name\":\"SA\",\"query\":\"Select(UniqueCount(Employee_Name)) | Filter(Location == [\\\"SA\\\"]) | Filter(Employee_Active == [\\\"YES\\\"])  | Collect(1)\"},{\"name\":\"FC\",\"query\":\"Select(UniqueCount(Employee_Name)) | Filter(Location == [\\\"FC\\\"]) | Filter(Employee_Active == [\\\"YES\\\"])  | Collect(1)\"}],\"freeze\":false,\"loading\":true}","viewOptionsMap":{"federate-view":{"app_id":"677d0bc4-50ee-4089-89b3-209fdcaace4a"},"visualization":{"type":"echarts"},"text-widget":{"html":"<div id=\"projectFacts\">\n    <div class=\"item\">\n      <div class=\"icon\">\n        <i class=\"fa fa-tasks fa-3x\"></i>\n      </div>\n      <div class=\"item-contents\">\n          <p class=\"number\">{{PC[0][\"output\"][\"data\"][\"values\"][0][0] | number:0}}</p>\n          <div class=\"line\"></div>\n          <p class=\"label\">Projects</p>\n      </div>\n      \n    </div>\n    <div class=\"item\">\n        <div class=\"icon\">\n            <i class=\"fa fa-university fa-3x\"></i>\n          </div>\n          <div class=\"item-contents\">\n                <p class=\"number\">{{GOV[0][\"output\"][\"data\"][\"values\"][0][0] | number:0}}</p>\n                <div class=\"line\"></div>\n                <p class=\"label\">Billots</p>\n          </div>\n    </div>\n    <div class=\"item\">\n        <div class=\"icon\">\n                <i class=\"fa fa-id-badge fa-3x\"></i>\n        </div>\n        <div class=\"item-contents\">\n            <p class=\"number\">{{CTR[0][\"output\"][\"data\"][\"values\"][0][0] | number:0}}</p>\n            <div class=\"line\"></div>\n            <p class=\"label\">Contractors</p>\n        </div>\n      \n    </div>\n    <div class=\"item\">\n        <div class=\"icon\">\n                <i class=\"fa fa-location-arrow fa-3x\"></i>\n          </div>\n          <div class=\"item-contents\">\n              <p class=\"number\">{{SA[0][\"output\"][\"data\"][\"values\"][0][0] | number:0}}</p>\n              <div class=\"line\"></div>\n              <p class=\"label\">San Antonio</p>\n          </div>\n      \n    </div>\n    <div class=\"item\">\n        <div class=\"icon\">\n                <i class=\"fa fa-map-marker fa-3x\"></i>\n          </div>\n          <div class=\"item-contents\">\n              <p class=\"number\">{{FC[0][\"output\"][\"data\"][\"values\"][0][0] | number:0}}</p>\n              <div class=\"line\"></div>\n              <p class=\"label\">Falls Church</p>\n          </div>\n      \n    </div>\n</div>\n\n<style>\n  #projectFacts {\n    height: 100px;\n    color:  rgba(87, 87, 87, 0.8);\n    background: rgb(226, 226, 226);\n    display: flex;\n    flex-direction: row;\n    font-family: \"Open Sans\", \"Helvetica Neue\", \"Helvetica\", \"Arial\", \"sans-serif\";\n  }\n\n  .item {\n    display: flex;\n    flex-direction: row;\n    width: 20%;\n    text-align: center;\n    border: 1px solid #ccc;\n    height: 100%\n  }\n\n  .icon {\n    width: 33%;\n    display: flex;\n    justify-content: center;\n    align-items: center\n  }\n\n  i {\n      width: 50%;\n      height:50%;\n      \n  }\n\n  .item-container {\n    width: 66.67%;\n  }\n  \n  .number {\n    font-size: 30px;\n    font-weight: bold;\n    margin: 0;\n  }\n\n  .line {\n    width: 160px;\n    background: #00a3e0;\n    height: 2px;\n    margin: 0 auto;\n  }\n\n  .label {\n    font-size: 20px;\n    margin: 8px;\n  }\n</style>","varList":[{"name":"PC","query":"Select(UniqueCount(Project_Name)) | Filter(Project_Active == [\"YES\"]) | Collect(1)"},{"name":"GOV","query":"Select(UniqueCount(Employee_Name)) | Filter(GOV_CTR == [\"GOV\"]) | Filter(Employee_Active == [\"YES\"])  | Collect(1)"},{"name":"CTR","query":"Select(UniqueCount(Employee_Name)) | Filter(GOV_CTR == [\"CTR\"]) | Filter(Employee_Active == [\"YES\"])  | Collect(1)"},{"name":"SA","query":"Select(UniqueCount(Employee_Name)) | Filter(Location == [\"SA\"]) | Filter(Employee_Active == [\"YES\"])  | Collect(1)"},{"name":"FC","query":"Select(UniqueCount(Employee_Name)) | Filter(Location == [\"FC\"]) | Filter(Employee_Active == [\"YES\"])  | Collect(1)"}],"freeze":false,"loading":true}},"config":{"type":"STANDARD","opacity":100.0},"ornaments":{},"events":{"onSingleClick":{"Unfilter":[{"disabledVisuals":["Grid","Sunburst"],"default":true,"query":"UnfilterFrame(<SelectedColumn>);","options":{},"refresh":false,"disabled":false,"panel":""}]},"onBrush":{"Filter":[{"default":true,"query":"if(IsEmpty(<SelectedValues>), UnfilterFrame(<SelectedColumn>), SetFrameFilter(<SelectedColumn>==<SelectedValues>));","options":{},"refresh":false,"disabled":false,"panel":""}]}},"comments":{},"position":{},"filters":[],"order":[],"cbv":[]},"operationType":["CACHED_PANEL"]},{"pixelExpression":"CachedPanel ( \"0\" ) ;","isMeta":false,"output":{"panelId":"0","panelLabel":"Project Statistics","view":"text-widget","viewOptions":"{\"html\":\"<div id=\\\"projectFacts\\\">\\n    <div class=\\\"item\\\">\\n      <div class=\\\"icon\\\">\\n        <i class=\\\"fa fa-tasks fa-3x\\\"></i>\\n      </div>\\n      <div class=\\\"item-contents\\\">\\n          <p class=\\\"number\\\">{{PC[0][\\\"output\\\"][\\\"data\\\"][\\\"values\\\"][0][0] | number:0}}</p>\\n          <div class=\\\"line\\\"></div>\\n          <p class=\\\"label\\\">Projects</p>\\n      </div>\\n      \\n    </div>\\n    <div class=\\\"item\\\">\\n        <div class=\\\"icon\\\">\\n            <i class=\\\"fa fa-university fa-3x\\\"></i>\\n          </div>\\n          <div class=\\\"item-contents\\\">\\n                <p class=\\\"number\\\">{{GOV[0][\\\"output\\\"][\\\"data\\\"][\\\"values\\\"][0][0] | number:0}}</p>\\n                <div class=\\\"line\\\"></div>\\n                <p class=\\\"label\\\">Billots</p>\\n          </div>\\n    </div>\\n    <div class=\\\"item\\\">\\n        <div class=\\\"icon\\\">\\n                <i class=\\\"fa fa-id-badge fa-3x\\\"></i>\\n        </div>\\n        <div class=\\\"item-contents\\\">\\n            <p class=\\\"number\\\">{{CTR[0][\\\"output\\\"][\\\"data\\\"][\\\"values\\\"][0][0] | number:0}}</p>\\n            <div class=\\\"line\\\"></div>\\n            <p class=\\\"label\\\">Contractors</p>\\n        </div>\\n      \\n    </div>\\n    <div class=\\\"item\\\">\\n        <div class=\\\"icon\\\">\\n                <i class=\\\"fa fa-location-arrow fa-3x\\\"></i>\\n          </div>\\n          <div class=\\\"item-contents\\\">\\n              <p class=\\\"number\\\">{{SA[0][\\\"output\\\"][\\\"data\\\"][\\\"values\\\"][0][0] | number:0}}</p>\\n              <div class=\\\"line\\\"></div>\\n              <p class=\\\"label\\\">San Antonio</p>\\n          </div>\\n      \\n    </div>\\n    <div class=\\\"item\\\">\\n        <div class=\\\"icon\\\">\\n                <i class=\\\"fa fa-map-marker fa-3x\\\"></i>\\n          </div>\\n          <div class=\\\"item-contents\\\">\\n              <p class=\\\"number\\\">{{FC[0][\\\"output\\\"][\\\"data\\\"][\\\"values\\\"][0][0] | number:0}}</p>\\n              <div class=\\\"line\\\"></div>\\n              <p class=\\\"label\\\">Falls Church</p>\\n          </div>\\n      \\n    </div>\\n</div>\\n\\n<style>\\n  #projectFacts {\\n    height: 100px;\\n    color:  rgba(87, 87, 87, 0.8);\\n    background: rgb(226, 226, 226);\\n    display: flex;\\n    flex-direction: row;\\n    font-family: \\\"Open Sans\\\", \\\"Helvetica Neue\\\", \\\"Helvetica\\\", \\\"Arial\\\", \\\"sans-serif\\\";\\n  }\\n\\n  .item {\\n    display: flex;\\n    flex-direction: row;\\n    width: 20%;\\n    text-align: center;\\n    border: 1px solid #ccc;\\n    height: 100%\\n  }\\n\\n  .icon {\\n    width: 33%;\\n    display: flex;\\n    justify-content: center;\\n    align-items: center\\n  }\\n\\n  i {\\n      width: 50%;\\n      height:50%;\\n      \\n  }\\n\\n  .item-container {\\n    width: 66.67%;\\n  }\\n  \\n  .number {\\n    font-size: 30px;\\n    font-weight: bold;\\n    margin: 0;\\n  }\\n\\n  .line {\\n    width: 160px;\\n    background: #00a3e0;\\n    height: 2px;\\n    margin: 0 auto;\\n  }\\n\\n  .label {\\n    font-size: 20px;\\n    margin: 8px;\\n  }\\n</style>\",\"varList\":[{\"name\":\"PC\",\"query\":\"Select(UniqueCount(Project_Name)) | Filter(Project_Active == [\\\"YES\\\"]) | Collect(1)\"},{\"name\":\"GOV\",\"query\":\"Select(UniqueCount(Employee_Name)) | Filter(GOV_CTR == [\\\"GOV\\\"]) | Filter(Employee_Active == [\\\"YES\\\"])  | Collect(1)\"},{\"name\":\"CTR\",\"query\":\"Select(UniqueCount(Employee_Name)) | Filter(GOV_CTR == [\\\"CTR\\\"]) | Filter(Employee_Active == [\\\"YES\\\"])  | Collect(1)\"},{\"name\":\"SA\",\"query\":\"Select(UniqueCount(Employee_Name)) | Filter(Location == [\\\"SA\\\"]) | Filter(Employee_Active == [\\\"YES\\\"])  | Collect(1)\"},{\"name\":\"FC\",\"query\":\"Select(UniqueCount(Employee_Name)) | Filter(Location == [\\\"FC\\\"]) | Filter(Employee_Active == [\\\"YES\\\"])  | Collect(1)\"}],\"freeze\":false,\"loading\":true}","viewOptionsMap":{"federate-view":{"app_id":"677d0bc4-50ee-4089-89b3-209fdcaace4a"},"visualization":{"type":"echarts"},"text-widget":{"html":"<div id=\"projectFacts\">\n    <div class=\"item\">\n      <div class=\"icon\">\n        <i class=\"fa fa-tasks fa-3x\"></i>\n      </div>\n      <div class=\"item-contents\">\n          <p class=\"number\">{{PC[0][\"output\"][\"data\"][\"values\"][0][0] | number:0}}</p>\n          <div class=\"line\"></div>\n          <p class=\"label\">Projects</p>\n      </div>\n      \n    </div>\n    <div class=\"item\">\n        <div class=\"icon\">\n            <i class=\"fa fa-university fa-3x\"></i>\n          </div>\n          <div class=\"item-contents\">\n                <p class=\"number\">{{GOV[0][\"output\"][\"data\"][\"values\"][0][0] | number:0}}</p>\n                <div class=\"line\"></div>\n                <p class=\"label\">Billots</p>\n          </div>\n    </div>\n    <div class=\"item\">\n        <div class=\"icon\">\n                <i class=\"fa fa-id-badge fa-3x\"></i>\n        </div>\n        <div class=\"item-contents\">\n            <p class=\"number\">{{CTR[0][\"output\"][\"data\"][\"values\"][0][0] | number:0}}</p>\n            <div class=\"line\"></div>\n            <p class=\"label\">Contractors</p>\n        </div>\n      \n    </div>\n    <div class=\"item\">\n        <div class=\"icon\">\n                <i class=\"fa fa-location-arrow fa-3x\"></i>\n          </div>\n          <div class=\"item-contents\">\n              <p class=\"number\">{{SA[0][\"output\"][\"data\"][\"values\"][0][0] | number:0}}</p>\n              <div class=\"line\"></div>\n              <p class=\"label\">San Antonio</p>\n          </div>\n      \n    </div>\n    <div class=\"item\">\n        <div class=\"icon\">\n                <i class=\"fa fa-map-marker fa-3x\"></i>\n          </div>\n          <div class=\"item-contents\">\n              <p class=\"number\">{{FC[0][\"output\"][\"data\"][\"values\"][0][0] | number:0}}</p>\n              <div class=\"line\"></div>\n              <p class=\"label\">Falls Church</p>\n          </div>\n      \n    </div>\n</div>\n\n<style>\n  #projectFacts {\n    height: 100px;\n    color:  rgba(87, 87, 87, 0.8);\n    background: rgb(226, 226, 226);\n    display: flex;\n    flex-direction: row;\n    font-family: \"Open Sans\", \"Helvetica Neue\", \"Helvetica\", \"Arial\", \"sans-serif\";\n  }\n\n  .item {\n    display: flex;\n    flex-direction: row;\n    width: 20%;\n    text-align: center;\n    border: 1px solid #ccc;\n    height: 100%\n  }\n\n  .icon {\n    width: 33%;\n    display: flex;\n    justify-content: center;\n    align-items: center\n  }\n\n  i {\n      width: 50%;\n      height:50%;\n      \n  }\n\n  .item-container {\n    width: 66.67%;\n  }\n  \n  .number {\n    font-size: 30px;\n    font-weight: bold;\n    margin: 0;\n  }\n\n  .line {\n    width: 160px;\n    background: #00a3e0;\n    height: 2px;\n    margin: 0 auto;\n  }\n\n  .label {\n    font-size: 20px;\n    margin: 8px;\n  }\n</style>","varList":[{"name":"PC","query":"Select(UniqueCount(Project_Name)) | Filter(Project_Active == [\"YES\"]) | Collect(1)"},{"name":"GOV","query":"Select(UniqueCount(Employee_Name)) | Filter(GOV_CTR == [\"GOV\"]) | Filter(Employee_Active == [\"YES\"])  | Collect(1)"},{"name":"CTR","query":"Select(UniqueCount(Employee_Name)) | Filter(GOV_CTR == [\"CTR\"]) | Filter(Employee_Active == [\"YES\"])  | Collect(1)"},{"name":"SA","query":"Select(UniqueCount(Employee_Name)) | Filter(Location == [\"SA\"]) | Filter(Employee_Active == [\"YES\"])  | Collect(1)"},{"name":"FC","query":"Select(UniqueCount(Employee_Name)) | Filter(Location == [\"FC\"]) | Filter(Employee_Active == [\"YES\"])  | Collect(1)"}],"freeze":false,"loading":true}},"config":{"type":"STANDARD","opacity":100.0},"ornaments":{},"events":{"onSingleClick":{"Unfilter":[{"disabledVisuals":["Grid","Sunburst"],"default":true,"query":"UnfilterFrame(<SelectedColumn>);","options":{},"refresh":false,"disabled":false,"panel":""}]},"onBrush":{"Filter":[{"default":true,"query":"if(IsEmpty(<SelectedValues>), UnfilterFrame(<SelectedColumn>), SetFrameFilter(<SelectedColumn>==<SelectedValues>));","options":{},"refresh":false,"disabled":false,"panel":""}]}},"comments":{},"position":{},"filters":[],"order":[],"cbv":[]},"operationType":["CACHED_PANEL"]},{"pixelExpression":"Frame ( frame = [ FRAME439584 ] ) | QueryAll ( ) | AutoTaskOptions ( panel = [ \"0\" ] , layout = [ \"Grid\" ] ) | Collect ( 500 ) ;","isMeta":false,"output":{"data":{"values":[["YES","YES","Larry_Long","CTR","FC","YES","AACE_Special_Projects","High","CTR2",0.0,"Division_Operations"],["YES","YES","Kristine_Peluso","GOV","FC","YES","Special_CIO_Projects_Organization_Change_Mgmt","Medium","GOV1",0.25,"Continuous_Process_Improvement"],["YES","YES","Denise_Holloway","GOV","FC","YES","Manpower_Position_Descriptions_Lead","High","GOV2",0.0,"Human_Resources_Management"],["YES","YES","Jack_Garabedian","CTR","FC","YES","D2D_Dashboard_User_Interface","High","CTR2",0.0,"Operations_Analytics"],["YES","YES","Denise_Holloway","GOV","FC","YES","OPSCENTER_-_End-to-end_Process-Request_Portal","High","GOV2",0.0,"D2D_Operations_Center"],["YES","YES","Grant_Toeneboehn","CTR","FC","YES","D2D_Dashboard_Data_Analytics-Testing","High","CTR1",0.5,"Operations_Analytics"],["YES","YES","Denise_Holloway","GOV","FC","YES","Task_Management_Database","High","GOV1",0.0,"D2D_Operations_Center"],["YES","YES","Sara_Wujciak","CTR","FC","YES","Executive_Leadership_Reporting_Dashboard","High","CTR2",0.0,"Division_Operations"],["YES","YES","Denise_Holloway","GOV","FC","YES","Service_Catalog_Input","Medium","GOV2",0.0,"Continuous_Process_Improvement"],["YES","YES","Joshua_Browning","CTR","FC","YES","D2D_Operations_Center_Risk_Manager","High","CTR1",0.1,"D2D_Operations_Center"],["YES","YES","Sylvia_Ortega","CTR","FC","YES","Staffing_Manpower","High","CTR2",0.0,"Human_Resources_Management"],["YES","YES","Jennifer_Newton","CTR","FC","YES","Strategic_Messaging-Mission-Vision_Statement","Medium","CTR2",0.0,"Communication_and_Outreach"],["YES","YES","Kenneth_Keith","CTR","FC","YES","Cloud_Meeting_Facilitation","High","CTR1",0.5,"Cloud_Strategy"],["YES","YES","Grant_Toeneboehn","CTR","FC","YES","D2D_Dashboard_User_Interface","High","CTR1",0.5,"Operations_Analytics"],["YES","YES","Denise_Holloway","GOV","FC","YES","D2D_OPSCENTER_Request_(Front_door)","High","GOV1",0.25,"D2D_Operations_Center"],["YES","YES","Christian_Weaver","CTR","FC","YES","LRTA_Technical_Analysis","Medium","CTR1",0.25,"Cloud_Strategy"],["YES","YES","Ying_Gomez","GOV","SA","YES","Awards_San_Antonio","Medium","CTR1",0.25,"Human_Resources_Management"],["YES","YES","Denise_Holloway","GOV","FC","YES","Records_Management_-_San_Antonio","Medium","GOV2",0.0,"Division_Operations"],["YES","YES","Sylvia_Ortega","CTR","FC","YES","TEC_Management","Low","CTR2",0.0,"Technology_Portfolio_Management"],["YES","YES","Jack_Garabedian","CTR","FC","YES","LRTA_Technical_Implementation","Medium","CTR1",0.25,"Operations_Analytics"],["YES","YES","Julie_OBrien","GOV","SA","YES","Organization_Functions_Manual_(OFM)_Document","Medium","GOV1",0.25,"Division_Operations"],["YES","YES","Brent_Sonnier","GOV","SA","YES","Manpower_Hiring_Actions","High","GOV1",0.5,"Human_Resources_Management"],["YES","YES","Joshua_Browning","CTR","FC","YES","Lessons_Learned_Program","Medium","CTR2",0.0,"Continuous_Process_Improvement"],["YES","YES","Matt_Sandidge","GOV","SA","YES","Ad-Hoc_Reports_Generation","Medium","GOV1",0.25,"Operations_Analytics"],["YES","YES","Christian_Weaver","CTR","FC","YES","Enterprise_Cloud_Business_Documentation","Medium","CTR2",0.0,"Cloud_Strategy"],["YES","YES","Kenneth_Keith","CTR","FC","YES","Enterprise_Cloud_Requirements","Medium","CTR1",0.25,"Cloud_Strategy"],["YES","YES","CDR_Nazario","GOV","FC","YES","Site_Coordinator_Lead","Low","GOV2",0.0,"D2D_Operations_Center"],["YES","YES","Paxton_Gammie","CTR","FC","YES","Communication_Graphics_and_Support","Low","CTR1",0.0625,"Communication_and_Outreach"],["YES","YES","Denise_Holloway","GOV","FC","YES","Contract-Acquisition_Management","Medium","GOV1",0.25,"Human_Resources_Management"],["YES","YES","Dolores_Ross","CTR","FC","YES","Special_Projects_Support_-_Centralized_Lessons_Learning","Medium","CTR1",0.25,"Continuous_Process_Improvement"],["YES","YES","Joshua_Browning","CTR","FC","YES","Ektropy_Risk_Module_Training","High","CTR1",0.5,"D2D_Operations_Center"],["YES","YES","Rosalynn_Dhramapitaksook","CTR","FC","YES","D2D_Academy_Support","High","CTR2",0.25,"D2D_Operations_Center"],["YES","YES","Kenneth_Keith","CTR","FC","YES","Phase_2_AWS","High","CTR1",0.5,"Cloud_Strategy"],["YES","YES","Donte_Blackwell","CTR","FC","YES","Special_Projects_for_Leadership_DAD_IO","Medium","CTR1",0.5,"Division_Operations"],["YES","YES","Paxton_Gammie","CTR","FC","YES","Speaking_Engagements","Medium","CTR1",0.25,"Communication_and_Outreach"],["YES","YES","Karen_Nelson","GOV","FC","YES","Cloud_Auditing_(Cyber_Security)","High","CTR2",0.0,"Cloud_Strategy"],["YES","YES","Denise_Holloway","GOV","FC","YES","Special_Medical_Unit_Support_A","Low","GOV1",0.0625,"Cloud_Strategy"],["YES","YES","Denise_Holloway","GOV","FC","YES","Core_Support_to_POB_Chief","High","GOV1",0.5,"Division_Operations"],["YES","YES","Jack_Garabedian","CTR","FC","YES","D2D_Dashboard_Analytics","High","CTR1",0.5,"D2D_Operations_Center"],["YES","YES","Sylvia_Ortega","CTR","FC","YES","Ektropy_Contract_AACE_Dashboard","High","CTR2",0.0,"Technology_Portfolio_Management"],["YES","YES","Julie_OBrien","GOV","SA","YES","OPSCENTER_-_Graphics_and_Communications_Lead","High","GOV1",0.5,"D2D_Operations_Center"],["YES","YES","Kurt_Benz","GOV","SA","YES","Manpower_Metrics","High","GOV2",0.0,"Human_Resources_Management"],["YES","YES","Donte_Blackwell","CTR","FC","YES","Division_Marketing","Medium","CTR1",0.0625,"Communication_and_Outreach"],["YES","YES","Kristine_Peluso","GOV","FC","YES","4th_Estate_Commodity_IT","High","GOV2",0.0,"Division_Operations"],["YES","YES","Kristine_Peluso","GOV","FC","YES","Division_ITSM","Medium","GOV1",0.25,"Continuous_Process_Improvement"],["YES","YES","Jack_Garabedian","CTR","FC","YES","D2D_Dashboard_Data_Analytics-Testing","High","CTR2",0.0,"Operations_Analytics"],["YES","YES","Sylvia_Ortega","CTR","FC","YES","Ektropy_Requirements","Medium","CTR2",0.0,"Human_Resources_Management"],["YES","YES","Rosalynn_Dhramapitaksook","CTR","FC","YES","Onboarding-Off-boarding_-_DHHQ","High","CTR2",0.0,"Human_Resources_Management"],["YES","YES","Selamawit_Telahun_(Cookie)","CTR","FC","YES","Executive_Leadership_Reporting_Dashboard","High","CTR1",0.5,"Division_Operations"],["YES","YES","Denise_Holloway","GOV","FC","YES","Annual_Performance_Plans_(APPs)_-_Division","High","GOV2",0.0,"Metrics_and_Reporting"],["YES","YES","Jack_Garabedian","CTR","FC","YES","LRTA_Technical_Analysis","Medium","CTR2",0.0,"Cloud_Strategy"],["YES","YES","Dolores_Ross","CTR","FC","YES","Lessons_Learned_Program","Medium","CTR1",0.25,"Continuous_Process_Improvement"],["YES","YES","Rosalynn_Dhramapitaksook","CTR","FC","YES","Operational_Acceleration_-_AACE_alignment_to_J6_Strategy","Medium","CTR1",0.25,"Division_Operations"],["YES","YES","Paxton_Gammie","CTR","FC","YES","milConnect_Properties","Low","CTR2",0.0,"Division_Operations"],["YES","YES","Jack_Garabedian","CTR","FC","YES","D2D_Dashboard_Project_Management","High","CTR1",0.5,"Operations_Analytics"],["YES","YES","Paxton_Gammie","CTR","FC","YES","Operational_Acceleration_-_AACE_alignment_to_J6_Strategy","Medium","CTR2",0.0,"Division_Operations"],["YES","YES","Kurt_Benz","GOV","SA","YES","Manpower_Hiring_Actions","High","GOV2",0.0,"Human_Resources_Management"],["YES","YES","Sylvia_Ortega","CTR","FC","YES","Ektropy_Requirements_Gathering-Resolving_Issues","Medium","CTR2",0.0,"Technology_Portfolio_Management"],["YES","YES","Jennifer_Newton","CTR","FC","YES","Assest_management_support_for_leadership","Low","CTR2",0.0,"Division_Operations"],["YES","YES","Ann_Williams","GOV","SA","YES","Division_Timesheet_Management","Medium","GOV2",0.0,"Human_Resources_Management"],["YES","YES","Karen_Nelson","GOV","FC","YES","AACE_Special_Projects","High","CTR1",0.5,"Division_Operations"],["YES","YES","Denise_Holloway","GOV","FC","YES","OPSCENTER_-_Planning","High","GOV1",0.5,"D2D_Operations_Center"],["YES","YES","Christopher_Combs","GOV","SA","YES","Enterprise_Reporting_Data_Analysis","Medium","GOV2",0.0,"Operations_Analytics"],["YES","YES","Sara_Wujciak","CTR","FC","YES","Events_-_Defense_Health_IT_Conference_(DHITS)","High","CTR2",0.0,"Communication_and_Outreach"],["YES","YES","Karen_Nelson","GOV","FC","YES","Cloud_Management","Medium","CTR2",0.0,"Cloud_Strategy"],["YES","YES","Christian_Weaver","CTR","FC","YES","Phase_2_AWS","High","CTR2",0.0,"Cloud_Strategy"],["YES","YES","Alexander_Hall","CTR","FC","YES","Joint_Integrated_Process_Review_(JIPR)","Medium","CTR1",0.25,"Technology_Portfolio_Management"],["YES","YES","Christian_Weaver","CTR","FC","YES","Enterprise_Cloud_Requirements","Medium","CTR2",0.0,"Cloud_Strategy"],["YES","YES","Christopher_Combs","GOV","SA","YES","Annual_Performance_Plans_(APPs)_-_Division","High","GOV1",0.5,"Metrics_and_Reporting"],["YES","YES","Rosalynn_Dhramapitaksook","CTR","FC","YES","Support_to_POB_Chief","Medium","CTR2",0.0,"Division_Operations"],["YES","YES","Alexander_Hall","CTR","FC","YES","Joint_Integrated_Program_Review_Analyst","High","CTR1",0.5,"Technology_Portfolio_Management"],["YES","YES","Rosalynn_Dhramapitaksook","CTR","FC","YES","Awards_DHHQ","Medium","CTR2",0.0,"Division_Operations"],["YES","YES","Kristine_Peluso","GOV","FC","YES","AACE_Mission-Vision_Development","Medium","GOV2",0.0,"Division_Operations"],["YES","YES","Denise_Holloway","GOV","FC","YES","TEC_Management","Low","GOV1",0.0,"Technology_Portfolio_Management"],["YES","YES","Paxton_Gammie","CTR","FC","YES","OPSCENTER_-_Graphics_and_Communications","High","CTR1",0.5,"Communication_and_Outreach"],["YES","YES","Jennifer_Newton","CTR","FC","YES","Site_Coordinator_Lead_Support","Medium","CTR2",0.0,"Division_Operations"],["YES","YES","Donte_Blackwell","CTR","FC","YES","tIMO_-_Expeditating_deployment_3-5","Medium","CTR2",0.0,"Division_Operations"],["YES","YES","Christian_Weaver","CTR","FC","YES","Special_Medical_Unit_Support_A","Low","CTR1",0.0625,"Cloud_Strategy"],["YES","YES","Denise_Holloway","GOV","FC","YES","VOIP_Business_Case_Analysis","Low","GOV1",0.0625,"Operations_Analytics"],["YES","YES","Jack_Garabedian","CTR","FC","YES","D2D_Dashboard_Schedule_Risk_Analysis","High","CTR1",0.5,"Operations_Analytics"],["YES","YES","Christian_Weaver","CTR","FC","YES","Cloud_Meeting_Facilitation","High","CTR2",0.0,"Cloud_Strategy"],["YES","YES","Sylvia_Ortega","CTR","FC","YES","Special_Projects_Support_-_Centralized_Lessons_Learning","Medium","CTR2",0.0,"Continuous_Process_Improvement"],["YES","YES","Kristine_Peluso","GOV","FC","YES","Operational_Acceleration_-_AACE_alignment_to_J6_Strategy","Medium","GOV2",0.0,"Division_Operations"],["YES","YES","Denise_Holloway","GOV","FC","YES","Managers_Internal_Control_Program_(MICP)","Medium","CTR2",0.0,"Metrics_and_Reporting"],["YES","YES","Denise_Holloway","GOV","FC","YES","MHS_Reform_-_NDAA_Analysis-AACE_alignment_to_Strategy","Medium","GOV1",0.25,"Division_Operations"],["YES","YES","Julie_OBrien","GOV","SA","YES","SharePoint_Design-Maintenance","Medium","GOV2",0.0,"Communication_and_Outreach"],["YES","YES","Dolores_Ross","CTR","FC","YES","Support_Agreements","High","CTR1",0.5,"Division_Operations"],["YES","YES","Robin_Brower","CTR","FC","YES","Distro_List_Management_(NPEs)","Low","CTR1",0.0625,"Human_Resources_Management"],["YES","YES","Paxton_Gammie","CTR","FC","YES","D2D_Tasker_Support","Medium","CTR1",0.5,"Division_Operations"],["YES","YES","CDR_Nazario","GOV","FC","YES","D2D_Site_Coordination_Strategy","High","GOV1",0.5,"D2D_Operations_Center"],["YES","YES","Rosalynn_Dhramapitaksook","CTR","FC","YES","Training_-_Executing_&_Reporting","Medium","CTR1",0.25,"Human_Resources_Management"],["YES","YES","Dolores_Ross","CTR","FC","YES","AACE_Technology_Portfolio_Management","Low","CTR2",0.0,"Technology_Portfolio_Management"],["YES","YES","Kurt_Benz","GOV","SA","YES","OPSCENTER_-_Strategy_Capture","High","GOV2",0.0,"D2D_Operations_Center"],["YES","YES","CDR_Nazario","GOV","FC","YES","Service_Lead-Navy_Regional_Liason","High","GOV1",0.25,"D2D_Operations_Center"],["YES","YES","Jack_Garabedian","CTR","FC","YES","Infrastructure_360","High","CTR2",0.0,"Operations_Analytics"],["YES","YES","Christopher_Combs","GOV","SA","YES","Phone_Roster-CIO_Directory","Medium","GOV1",0.25,"Human_Resources_Management"],["YES","YES","Kurt_Benz","GOV","SA","YES","Create_updated_POB-OSM_team_Contact_info._(have_the_list_created;_just_need_to_put_in_names,_create_views)","Low","GOV2",0.0,"Division_Operations"],["YES","YES","Ann_Williams","GOV","SA","YES","Communication_Plans","Medium","GOV1",0.25,"Communication_and_Outreach"],["YES","YES","Paxton_Gammie","CTR","FC","YES","Awards_DHHQ","Medium","CTR1",0.25,"Division_Operations"],["YES","YES","Denise_Holloway","GOV","FC","YES","AACE_Exec_Preparation_(Actions,_Meeting)","High","GOV1",0.0,"Division_Operations"],["YES","YES","Brent_Sonnier","GOV","SA","YES","Manpower_Metrics","High","GOV1",0.5,"Human_Resources_Management"],["YES","YES","Sylvia_Ortega","CTR","FC","YES","Legacy_Contracts","Low","CTR2",0.0,"Technology_Portfolio_Management"],["YES","YES","Sara_Wujciak","CTR","FC","YES","Template_Management","Low","CTR1",0.0625,"Division_Operations"],["YES","YES","Paxton_Gammie","CTR","FC","YES","Support_to_POB_Chief","Medium","CTR1",0.25,"Division_Operations"],["YES","YES","Christopher_Combs","GOV","SA","YES","Metrics_Management","Medium","GOV1",0.25,"Division_Operations"],["YES","YES","Kristine_Peluso","GOV","FC","YES","Site_Coordinator_Lead","Low","GOV1",0.0625,"D2D_Operations_Center"],["YES","YES","Denise_Holloway","GOV","FC","YES","Travel_Assistance_Operations_Center","High","CTR2",0.0,"D2D_Operations_Center"],["YES","YES","Kristine_Peluso","GOV","FC","YES","Business_Process_Reengineering","High","CTR1",0.5,"Continuous_Process_Improvement"],["YES","YES","Sylvia_Ortega","CTR","FC","YES","Liaison_to_Engineering_Control_Board","Low","CTR1",0.0625,"Division_Operations"],["YES","YES","Denise_Holloway","GOV","FC","YES","OpsCenter_Meeting_Facilitation","High","GOV1",0.5,"D2D_Operations_Center"],["YES","YES","Denise_Holloway","GOV","FC","YES","VOIP_Services_Capability","Low","GOV1",0.0625,"Operations_Analytics"],["YES","YES","Rosalynn_Dhramapitaksook","CTR","FC","YES","DPMAP_Appraisals-Performance_Planning","High","CTR1",0.5,"Human_Resources_Management"],["YES","YES","Christian_Weaver","CTR","FC","YES","Infrastructure_360","High","CTR1",0.5,"Operations_Analytics"],["YES","YES","Julie_OBrien","GOV","SA","YES","MOU-MOA_Development","Low","GOV1",0.0625,"Division_Operations"],["YES","YES","Julie_OBrien","GOV","SA","YES","POB-OSM_Meeting_site_-_1_page_with_ALL_mtg_correspondence_and_create_template_to_use_for_all_POB_mtgs,_then_all_of_AACE._Also_have_a_detailed_SOP_of_how_to_use_site_and_perform_all_functions._(Have_I&O_Staff_Mtg_set_up_with_detailed_instr_on_I&O)","High","GOV1",0.5,"Communication_and_Outreach"],["YES","YES","Robin_Brower","CTR","FC","YES","JKO_Alignment","Low","CTR1",0.0625,"Division_Operations"],["YES","YES","Ying_Gomez","GOV","SA","YES","San_Antonio_Trip_Support-Briefings_(every_six_weeks)","Medium","GOV1",0.25,"Division_Operations"],["YES","YES","Dolores_Ross","CTR","FC","YES","Ektropy_Requirements","Medium","CTR1",0.25,"Human_Resources_Management"],["YES","YES","Denise_Holloway","GOV","FC","YES","OPSCENTER_-_Strategy_Capture","High","GOV1",0.5,"D2D_Operations_Center"],["YES","YES","Karen_Nelson","GOV","FC","YES","Special_Medical_Units_Support_B","Medium","CTR1",0.25,"Division_Operations"],["YES","YES","CDR_Nazario","GOV","FC","YES","Lessons_Learned_Program","Medium","GOV2",0.0,"Continuous_Process_Improvement"],["YES","YES","Ann_Williams","GOV","SA","YES","Hiring_Actions_3","Medium","GOV2",0.0,"Human_Resources_Management"],["YES","YES","Julie_OBrien","GOV","SA","YES","OPSCENTER_-_Communication-Outreach","High","GOV2",0.0,"Communication_and_Outreach"],["YES","YES","Kurt_Benz","GOV","SA","YES","Manpower_Position_Descriptions_Lead","High","GOV1",0.5,"Human_Resources_Management"],["YES","YES","Kurt_Benz","GOV","SA","YES","CATMS_Management","Medium","GOV1",0.25,"Division_Operations"],["YES","YES","Matt_Sandidge","GOV","SA","YES","Enterprise_Reporting_Initiative_Architecture","High","GOV1",0.5,"Operations_Analytics"],["YES","YES","Rosalynn_Dhramapitaksook","CTR","FC","YES","JKO_Alignment","Low","CTR2",0.0,"Division_Operations"],["YES","YES","Ying_Gomez","GOV","SA","YES","Template_Management","Low","GOV1",0.0625,"Division_Operations"],["YES","YES","Kenneth_Keith","CTR","FC","YES","Enterprise_Cloud_Business_Documentation","Medium","CTR1",0.25,"Cloud_Strategy"],["YES","YES","Denise_Holloway","GOV","FC","YES","Organization_Functions_Manual_(OFM)_Document","Medium","GOV2",0.0,"Division_Operations"],["YES","YES","Grant_Toeneboehn","CTR","FC","YES","D2D_Dashboard_Site_Training","High","CTR2",0.0,"Operations_Analytics"],["YES","YES","Julie_OBrien","GOV","SA","YES","Team_Mbr_Task_Tracker,_with_ghant_charts,_%_done,_start-end_dates,_updated,_etc._Also_tied_to_DPMAP_elements_(started)","Medium","GOV1",0.25,"Division_Operations"],["YES","YES","Jack_Garabedian","CTR","FC","YES","D2D_Dashboard_Requirements","High","CTR2",0.0,"Operations_Analytics"],["YES","YES","Rosalynn_Dhramapitaksook","CTR","FC","YES","Work_Break_Down_Structure","Low","CTR1",0.0625,"Continuous_Process_Improvement"],["YES","YES","Karen_Nelson","GOV","FC","YES","Enterprise_Reporting_Initiative","High","CTR1",0.5,"Operations_Analytics"],["YES","YES","Selamawit_Telahun_(Cookie)","CTR","FC","YES","Manpower_Dashboard","High","CTR2",0.25,"Division_Operations"],["YES","YES","Grant_Toeneboehn","CTR","FC","YES","D2D_Dashboard_Requirements","High","CTR1",0.5,"Operations_Analytics"],["YES","YES","Kurt_Benz","GOV","SA","YES","Phone_Roster-CIO_Directory","Medium","GOV2",0.0,"Human_Resources_Management"],["YES","YES","Christopher_Combs","GOV","SA","YES","OPSCENTER_-_Asset_Management","High","GOV2",0.0,"D2D_Operations_Center"],["YES","YES","Sylvia_Ortega","CTR","FC","YES","Ektopy_JIPR_Customer_Feedback","Low","CTR2",0.0,"Technology_Portfolio_Management"],["YES","YES","Dolores_Ross","CTR","FC","YES","Special_Medical_Unit_Support_-_JOMIS","Medium","CTR2",0.0,"Division_Operations"],["YES","YES","Kurt_Benz","GOV","SA","YES","Onboarding-Off_boarding_-_San_Antonio","Medium","GOV2",0.0,"Division_Operations"],["YES","YES","Dolores_Ross","CTR","FC","YES","Staffing_Manpower","High","CTR1",0.5,"Human_Resources_Management"],["YES","YES","Denise_Holloway","GOV","FC","YES","Strategic_Alignment_Lead","Low","GOV1",0.0625,"Division_Operations"],["YES","YES","Sylvia_Ortega","CTR","FC","YES","Site_Implementation_Risk_Management","High","CTR2",0.0,"D2D_Operations_Center"],["YES","YES","Sylvia_Ortega","CTR","FC","YES","JIPR_Reports_Generations","Low","CTR2",0.0,"Technology_Portfolio_Management"],["YES","YES","Christopher_Combs","GOV","SA","YES","Enterprise_Reporting_Requirements","Medium","GOV2",0.0,"Operations_Analytics"],["YES","YES","Kristine_Peluso","GOV","FC","YES","Lessons_Learned_Program","Medium","GOV1",0.0,"Continuous_Process_Improvement"],["YES","YES","Rosalynn_Dhramapitaksook","CTR","FC","YES","Bi-weekly_Info_Feed","Medium","CTR2",0.0,"Communication_and_Outreach"],["YES","YES","Kurt_Benz","GOV","SA","YES","Task_Management_(Carolyn_Stemple_Taskers)","Medium","GOV2",0.0,"Division_Operations"],["YES","YES","Larry_Long","CTR","FC","YES","Cloud_Management","Medium","CTR1",0.25,"Cloud_Strategy"],["YES","YES","Selamawit_Telahun_(Cookie)","CTR","FC","YES","Executive_Leadership_Reporting","Medium","CTR1",0.0625,"Division_Operations"],["YES","YES","Larry_Long","CTR","FC","YES","Special_Medical_Units_Support_B","Medium","CTR2",0.0,"Division_Operations"],["YES","YES","Rosalynn_Dhramapitaksook","CTR","FC","YES","Meeting_Facilitation","High","CTR2",0.0,"Division_Operations"],["YES","YES","Karen_Nelson","GOV","FC","YES","AACE_Strategic_Initiatives","High","CTR1",0.5,"Division_Operations"],["YES","YES","Dolores_Ross","CTR","FC","YES","Liaison_to_Engineering_Control_Board","Low","CTR2",0.0,"Division_Operations"],["YES","YES","Denise_Holloway","GOV","FC","YES","DPMAP_Appraisals-Performance_Planning","High","CTR2",0.0,"Human_Resources_Management"],["YES","YES","Sylvia_Ortega","CTR","FC","YES","Special_Medical_Unit_Support_-_JOMIS","Medium","CTR1",0.25,"Division_Operations"],["YES","YES","Rosalynn_Dhramapitaksook","CTR","FC","YES","Kick-off_Trip_Report_Tracking","Medium","CTR2",0.0,"D2D_Operations_Center"],["YES","YES","Paxton_Gammie","CTR","FC","YES","D2D_Academy_Support","High","CTR1",0.5,"D2D_Operations_Center"],["YES","YES","Karen_Nelson","GOV","FC","YES","Cloud_Risk_Management","Medium","CTR2",0.0,"Cloud_Strategy"],["YES","YES","Kurt_Benz","GOV","SA","YES","Space_Management_-_San_Antonio_A","Medium","GOV2",0.0,"Division_Operations"],["YES","YES","Donte_Blackwell","CTR","FC","YES","Site_Coordinator_Lead_Support","Medium","CTR1",0.5,"Division_Operations"],["YES","YES","Sara_Wujciak","CTR","FC","YES","OPSCENTER_-_Executive_Reporting_Quads","Medium","CTR1",0.25,"D2D_Operations_Center"],["YES","YES","Christopher_Combs","GOV","SA","YES","Distro_List_Management_(NPEs)","Low","GOV1",0.0,"Human_Resources_Management"],["YES","YES","Larry_Long","CTR","FC","YES","Enterprise_Reporting_Initiative","High","CTR2",0.0,"Operations_Analytics"],["YES","YES","Alexander_Hall","CTR","FC","YES","Ektropy_Requirements_Gathering-Resolving_Issues","Medium","CTR1",0.0625,"Technology_Portfolio_Management"],["YES","YES","Sylvia_Ortega","CTR","FC","YES","Contract_Analysis_-_Mind_Map","High","CTR2",0.0,"Technology_Portfolio_Management"],["YES","YES","Sylvia_Ortega","CTR","FC","YES","Ektropy_Training_Program","Medium","CTR2",0.0,"Technology_Portfolio_Management"],["YES","YES","Grant_Toeneboehn","CTR","FC","YES","AACE_SEMOSS_Analytics","High","CTR2",0.0,"Operations_Analytics"],["YES","YES","Ying_Gomez","GOV","SA","YES","CATMS_Management","Medium","GOV2",0.0,"Division_Operations"],["YES","YES","Denise_Holloway","GOV","FC","YES","Special_CIO_Projects_Organization_Change_Mgmt","Medium","GOV2",0.0,"Continuous_Process_Improvement"],["YES","YES","Sylvia_Ortega","CTR","FC","YES","AACE_Technology_Portfolio_Management","Low","CTR1",0.0625,"Technology_Portfolio_Management"],["YES","YES","Sara_Wujciak","CTR","FC","YES","Executive_Leadership_Reporting","Medium","CTR2",0.0,"Division_Operations"],["YES","YES","Ann_Williams","GOV","SA","YES","OPSCENTER_-_Graphics_and_Communications_Lead","High","GOV2",0.0,"D2D_Operations_Center"],["YES","YES","Ann_Williams","GOV","SA","YES","Task_Management_(Carolyn_Stemple_Taskers)","Medium","GOV1",0.25,"Division_Operations"],["YES","YES","Denise_Holloway","GOV","FC","YES","Space_Management_-_San_Antonio_B","High","GOV2",0.0,"Division_Operations"],["YES","YES","Ying_Gomez","GOV","SA","YES","Division_Timesheet_Management","Medium","GOV1",0.25,"Human_Resources_Management"],["YES","YES","Ann_Williams","GOV","SA","YES","SharePoint_Design-Maintenance","Medium","GOV1",0.25,"Communication_and_Outreach"],["YES","YES","Christopher_Combs","GOV","SA","YES","All_Humans-Ektropy","High","GOV1",0.5,"Human_Resources_Management"],["YES","YES","Donte_Blackwell","CTR","FC","YES","Assest_management_support_for_leadership","Low","CTR1",0.25,"Division_Operations"],["YES","YES","Dolores_Ross","CTR","FC","YES","Contract_Actions_B","High","CTR2",0.0,"Division_Operations"],["YES","YES","Kenneth_Keith","CTR","FC","YES","Enterprise_Cloud_Applications","High","CTR1",0.5,"Cloud_Strategy"],["YES","YES","Christopher_Combs","GOV","SA","YES","Hiring_Actions_2","Medium","GOV1",0.25,"Human_Resources_Management"],["YES","YES","Julie_OBrien","GOV","SA","YES","SharePoint_Design-New_Functionality-Automation-Efficiency","High","GOV1",0.5,"Communication_and_Outreach"],["YES","YES","Larry_Long","CTR","FC","YES","AACE_Strategic_Initiatives","High","CTR2",0.0,"Division_Operations"],["YES","YES","Sylvia_Ortega","CTR","FC","YES","D2D_Operations_Center_Risk_Manager","High","CTR2",0.0,"D2D_Operations_Center"],["YES","YES","Tonu_Nauage","CTR","FC","YES","AACE_Strategic_Alignment_to_J6-Workstream_27","Medium","CTR1",0.25,"Division_Operations"],["YES","YES","Christian_Weaver","CTR","FC","YES","Enterprise_Cloud_Project_Management","High","CTR2",0.0,"Cloud_Strategy"],["YES","YES","Denise_Holloway","GOV","FC","YES","NATO_Secretariat","High","GOV1",0.0,"Division_Operations"],["YES","YES","CDR_Nazario","GOV","FC","YES","Division_Space_Coordination","Medium","GOV1",0.25,"Division_Operations"],["YES","YES","Brent_Sonnier","GOV","SA","YES","All_Humans-Ektropy","High","GOV2",0.0,"Human_Resources_Management"],["YES","YES","Kristine_Peluso","GOV","FC","YES","OPSCENTER_-_Planning","High","GOV2",0.0,"D2D_Operations_Center"],["YES","YES","Denise_Holloway","GOV","FC","YES","MOU-MOA_Development","Low","GOV2",0.0,"Division_Operations"],["YES","YES","Denise_Holloway","GOV","FC","YES","Enterprise_Reporting_Initiative","High","GOV2",0.0,"Operations_Analytics"],["YES","YES","Julie_OBrien","GOV","SA","YES","SharePoint_-_Create_Leadership_page_to_have_important_info_to_access_in_1_place,_with_important_data,_metrics,_links,_etc_that_will_be_all_in_realtime_and_populated_from_each_standard_page,_meeting,_etc._Can_include_status,_docs_to_sign,_read_msg_that_users_could_post_for_him_and_hell_see_right_away._Can_view_in_many_ways_across_the_division._(Have_a_version_of_this_set_up_for_I&O)","High","GOV1",0.05,"Communication_and_Outreach"],["YES","YES","Robin_Brower","CTR","FC","YES","Space_Management_-_DHHQ_only","Low","CTR2",0.0,"Division_Operations"],["YES","YES","Rosalynn_Dhramapitaksook","CTR","FC","YES","MHS_Reform_-_NDAA_Analysis-AACE_alignment_to_Strategy","Medium","CTR1",0.25,"Division_Operations"],["YES","YES","Karen_Nelson","GOV","FC","YES","Cyber_Security_Professional","Medium","CTR2",0.0,"Cloud_Strategy"],["YES","YES","Sylvia_Ortega","CTR","FC","YES","Contract_Actions_B","High","CTR1",0.5,"Division_Operations"],["YES","YES","Ann_Williams","GOV","SA","YES","POB-OSM_Meeting_site_-_1_page_with_ALL_mtg_correspondence_and_create_template_to_use_for_all_POB_mtgs,_then_all_of_AACE._Also_have_a_detailed_SOP_of_how_to_use_site_and_perform_all_functions._(Have_I&O_Staff_Mtg_set_up_with_detailed_instr_on_I&O)","High","GOV2",0.0,"Communication_and_Outreach"],["YES","YES","Mike_Bliss","CTR","FC","YES","Vendor_Engagement","Medium","CTR2",0.0,"Division_Operations"],["YES","YES","Denise_Holloway","GOV","FC","YES","Division_ITSM","Medium","GOV2",0.0,"Continuous_Process_Improvement"],["YES","YES","Jack_Garabedian","CTR","FC","YES","D2D_Dashboard_Technical_Implementation","High","CTR2",0.0,"Operations_Analytics"],["YES","YES","Rosalynn_Dhramapitaksook","CTR","FC","YES","Marketing_Materials_(Fact_Sheets,_Postcards,_Articles,_etc.)","Low","CTR2",0.0,"Communication_and_Outreach"],["YES","YES","Karen_Nelson","GOV","FC","YES","Cloud_Support","Medium","CTR1",0.25,"Cloud_Strategy"],["YES","YES","Larry_Long","CTR","FC","YES","Cloud_Auditing_(Cyber_Security)","High","CTR1",0.5,"Cloud_Strategy"],["YES","YES","Grant_Toeneboehn","CTR","FC","YES","D2D_Dashboard_Technical_Implementation","High","CTR1",0.5,"Operations_Analytics"],["YES","YES","Paxton_Gammie","CTR","FC","YES","Training_-_Annual_Strategy_Development","Low","CTR2",0.0,"Human_Resources_Management"],["YES","YES","Sylvia_Ortega","CTR","FC","YES","Joint_Integrated_Program_Review_Analyst","High","CTR2",0.0,"Technology_Portfolio_Management"],["YES","YES","Denise_Holloway","GOV","FC","YES","Operational_Acceleration_-_AACE_alignment_to_J6_Strategy","Medium","GOV1",0.0,"Division_Operations"],["YES","YES","Kurt_Benz","GOV","SA","YES","Manpower_Position_Descriptions","High","GOV2",0.0,"Human_Resources_Management"],["YES","YES","Ying_Gomez","GOV","SA","YES","Records_Management_-_San_Antonio","Medium","GOV1",0.25,"Division_Operations"],["YES","YES","Rosalynn_Dhramapitaksook","CTR","FC","YES","Training_-_Annual_Strategy_Development","Low","CTR1",0.0625,"Human_Resources_Management"],["YES","YES","Donte_Blackwell","CTR","FC","YES","Strategic_Messaging-Mission-Vision_Statement","Medium","CTR1",0.0625,"Communication_and_Outreach"],["YES","YES","Sara_Wujciak","CTR","FC","YES","Training_-_Executing_&_Reporting","Medium","CTR2",0.0,"Human_Resources_Management"],["YES","YES","Julie_OBrien","GOV","SA","YES","Automate_Excel_Reports_to_SP_lists,_then_can_be_linked_and_integrated,_and_can_include_on_the_meeting,_leadership,_branch_sites_for_starters_using_Web_Services","Low","GOV1",0.0625,"Division_Operations"],["YES","YES","CDR_Nazario","GOV","FC","YES","D2D_Process_Management","High","GOV2",0.0,"Continuous_Process_Improvement"],["YES","YES","Ann_Williams","GOV","SA","YES","SharePoint_-_Create_Leadership_page_to_have_important_info_to_access_in_1_place,_with_important_data,_metrics,_links,_etc_that_will_be_all_in_realtime_and_populated_from_each_standard_page,_meeting,_etc._Can_include_status,_docs_to_sign,_read_msg_that_users_could_post_for_him_and_hell_see_right_away._Can_view_in_many_ways_across_the_division._(Have_a_version_of_this_set_up_for_I&O)","High","GOV2",0.0,"Communication_and_Outreach"],["YES","YES","Denise_Holloway","GOV","FC","YES","AACE_Mission-Vision_Development","Medium","GOV1",0.25,"Division_Operations"],["YES","YES","Jack_Garabedian","CTR","FC","YES","D2D_Dashboard_Site_Training","High","CTR1",0.5,"Operations_Analytics"],["YES","YES","Paxton_Gammie","CTR","FC","YES","OPSCENTER_-_Planning","High","CTR2",0.25,"D2D_Operations_Center"],["YES","YES","Paxton_Gammie","CTR","FC","YES","Events_-_Defense_Health_IT_Conference_(DHITS)","High","CTR1",0.5,"Communication_and_Outreach"],["YES","YES","Grant_Toeneboehn","CTR","FC","YES","D2D_Dashboard_Training_Development_and_Demonstration","Medium","CTR2",0.0,"Operations_Analytics"],["YES","YES","Denise_Holloway","GOV","FC","YES","Business_Process_Reengineering","High","CTR2",0.0,"Continuous_Process_Improvement"],["YES","YES","Brent_Sonnier","GOV","SA","YES","Manpower_Position_Descriptions","High","GOV1",0.5,"Human_Resources_Management"],["YES","YES","Rosalynn_Dhramapitaksook","CTR","FC","YES","OPSCENTER_-_Executive_Reporting_Quads","Medium","CTR2",0.0,"D2D_Operations_Center"],["YES","YES","Kurt_Benz","GOV","SA","YES","Hiring_Actions_2","Medium","GOV2",0.0,"Human_Resources_Management"],["YES","YES","Christopher_Combs","GOV","SA","YES","Enterprise_Reporting_Technical_Support","High","GOV2",0.0,"Operations_Analytics"],["YES","YES","Christian_Weaver","CTR","FC","YES","Cloud_Service_Catalog_(CRM)","Medium","CTR2",0.0,"Cloud_Strategy"],["YES","YES","Karen_Nelson","GOV","FC","YES","Cloud_Infrastructure","High","CTR2",0.0,"Cloud_Strategy"],["YES","YES","Christopher_Combs","GOV","SA","YES","Division_Metrics","Medium","GOV2",0.0,"Operations_Analytics"],["YES","YES","Rosalynn_Dhramapitaksook","CTR","FC","YES","OPSCENTER_-_Planning","High","CTR1",0.5,"D2D_Operations_Center"],["YES","YES","Kurt_Benz","GOV","SA","YES","Team_Mbr_Task_Tracker,_with_ghant_charts,_%_done,_start-end_dates,_updated,_etc._Also_tied_to_DPMAP_elements_(started)","Medium","GOV2",0.0,"Division_Operations"],["YES","YES","Jennifer_Newton","CTR","FC","YES","Strategic_support_for_AACE_Leadership","Medium","CTR1",0.5,"Division_Operations"],["YES","YES","Paxton_Gammie","CTR","FC","YES","Bi-weekly_Info_Feed","Medium","CTR1",0.25,"Communication_and_Outreach"],["YES","YES","Christian_Weaver","CTR","FC","YES","Cloud_Transition_Management","Medium","CTR2",0.0,"Cloud_Strategy"],["YES","YES","Dolores_Ross","CTR","FC","YES","Joint_Integrated_Process_Review_(JIPR)","Medium","CTR2",0.0,"Technology_Portfolio_Management"],["YES","YES","Larry_Long","CTR","FC","YES","Cloud_Support","Medium","CTR2",0.0,"Cloud_Strategy"],["YES","YES","Tonu_Nauage","CTR","FC","YES","Enterprise_Reporting_Meeting_Facilitor","Medium","CTR1",0.25,"Division_Operations"],["YES","YES","Paxton_Gammie","CTR","FC","YES","Organization_Chart","Medium","GOV2",0.0,"Human_Resources_Management"],["YES","YES","Paxton_Gammie","CTR","FC","YES","Annual_Performance_Plans_(APPs)_-_POB-OSM_Only","Medium","CTR2",0.0,"Metrics_and_Reporting"],["YES","YES","Kristine_Peluso","GOV","FC","YES","OPSCENTER_-_Executive_Reporting","High","GOV2",0.0,"D2D_Operations_Center"],["YES","YES","Rosalynn_Dhramapitaksook","CTR","FC","YES","Annual_Performance_Plans_(APPs)_-_POB-OSM_Only","Medium","CTR1",0.25,"Metrics_and_Reporting"],["YES","YES","Kenneth_Keith","CTR","FC","YES","Enterprise_Cloud_Project_Management","High","CTR1",0.5,"Cloud_Strategy"],["YES","YES","Kurt_Benz","GOV","SA","YES","Space_Management_-_San_Antonio_B","High","GOV1",0.5,"Division_Operations"],["YES","YES","Paxton_Gammie","CTR","FC","YES","Kick-off_Trip_Report_Tracking","Medium","CTR1",0.25,"D2D_Operations_Center"],["YES","YES","Kristine_Peluso","GOV","FC","YES","D2D_Process_Management","High","GOV1",0.5,"Continuous_Process_Improvement"],["YES","YES","Sylvia_Ortega","CTR","FC","YES","Contract_Actions_A","High","CTR2",0.0,"Division_Operations"],["YES","YES","Kristine_Peluso","GOV","FC","YES","Core_Support_to_POB_Chief","High","GOV2",0.0,"Division_Operations"],["YES","YES","Sara_Wujciak","CTR","FC","YES","Manpower_Dashboard","High","CTR1",0.5,"Division_Operations"],["YES","YES","Jennifer_Newton","CTR","FC","YES","Facilitates_schedule_updates_for_tIMO_and_the_D2D_deployment","Medium","CTR1",0.5,"Division_Operations"],["YES","YES","Alexander_Hall","CTR","FC","YES","Ektropy_Contract_AACE_Dashboard","High","CTR1",0.5,"Technology_Portfolio_Management"],["YES","YES","Julie_OBrien","GOV","SA","YES","Create_Slide_Libraries_for_all_major_presentations,_then_can_share_and_lots_of_metadata,_such_as_branch,_section,_office,_User,_and_each_member_can_view_all_the_slides_to_update_that_theyre_responsible_and_for_all_meeting_in_1_place._(Have_Staff_Mtg_and_Wkly_Leadership_Mtg_slides_set_up_in_I&O-).","Low","GOV1",0.0625,"Division_Operations"],["YES","YES","Kristine_Peluso","GOV","FC","YES","D2D_Operation_Center_Process_Design","High","GOV1",0.25,"D2D_Operations_Center"],["YES","YES","CDR_Nazario","GOV","FC","YES","DoD_Enterprise_Collaborations_Productivity_Suit_(ECAPS)","High","GOV1",0.5,"D2D_Operations_Center"],["YES","YES","Sara_Wujciak","CTR","FC","YES","Speaking_Engagements","Medium","CTR2",0.0,"Communication_and_Outreach"],["YES","YES","Paxton_Gammie","CTR","FC","YES","SharePoint_-_Update_Div_page,_and_set_template_for_branch_pagesm_s_and_implement","High","CTR1",0.5,"Communication_and_Outreach"],["YES","YES","Kurt_Benz","GOV","SA","YES","Enterprise_Reporting_Initiative","High","GOV1",0.0,"Operations_Analytics"],["YES","YES","Julie_OBrien","GOV","SA","YES","SharePoint_-_Update_Div_page,_and_set_template_for_branch_pagesm_s_and_implement","High","GOV1",0.5,"Communication_and_Outreach"],["YES","YES","Jack_Garabedian","CTR","FC","YES","AACE_SEMOSS_Analytics","High","CTR1",0.5,"Operations_Analytics"],["YES","YES","Tonu_Nauage","CTR","FC","YES","Enterprise_Reporting_Project_Documentation","Medium","CTR1",0.25,"Division_Operations"],["YES","YES","Donte_Blackwell","CTR","FC","YES","Strategic_support_for_AACE_Leadership","Medium","CTR2",0.5,"Division_Operations"],["YES","YES","Ying_Gomez","GOV","SA","YES","Travel_Assistance_Operations_Center","High","CTR1",0.5,"D2D_Operations_Center"],["YES","YES","Christopher_Combs","GOV","SA","YES","Organization_Chart","Medium","GOV1",0.25,"Human_Resources_Management"],["YES","YES","Kristine_Peluso","GOV","FC","YES","AACE_Exec_Preparation_(Actions,_Meeting)","High","GOV2",0.0,"Division_Operations"],["YES","YES","Ann_Williams","GOV","SA","YES","Awards_San_Antonio","Medium","CTR2",0.0,"Human_Resources_Management"],["YES","YES","Kurt_Benz","GOV","SA","YES","OPSCENTER_-_Asset_Management","High","GOV1",0.5,"D2D_Operations_Center"],["YES","YES","Denise_Holloway","GOV","FC","YES","Communications_(CIO-WG,_CIO-CG,_CWG)_to_Branches","Medium","GOV1",0.25,"Communication_and_Outreach"],["YES","YES","Christian_Weaver","CTR","FC","YES","IT_Service_Management_(ITSM)","Medium","CTR1",0.25,"Continuous_Process_Improvement"],["YES","YES","Rosalynn_Dhramapitaksook","CTR","FC","YES","Division_Space_Liaison_-_Updates","Medium","CTR2",0.0,"Division_Operations"],["YES","YES","Alexander_Hall","CTR","FC","YES","Legacy_Contracts","Low","CTR1",0.0625,"Technology_Portfolio_Management"],["YES","YES","Ann_Williams","GOV","SA","YES","SharePoint_Design-New_Functionality-Automation-Efficiency","High","GOV2",0.0,"Communication_and_Outreach"],["YES","YES","Kurt_Benz","GOV","SA","YES","DAWIA_Tracking","Low","GOV1",0.0625,"Human_Resources_Management"],["YES","YES","Julie_OBrien","GOV","SA","YES","Create_updated_POB-OSM_team_Contact_info._(have_the_list_created;_just_need_to_put_in_names,_create_views)","Low","GOV1",0.0625,"Division_Operations"],["YES","YES","Julie_OBrien","GOV","SA","YES","Metrics_Management","Medium","GOV2",0.0,"Division_Operations"],["YES","YES","Denise_Holloway","GOV","FC","YES","D2D_Operation_Center_Process_Design","High","GOV2",0.0,"D2D_Operations_Center"],["YES","YES","Rosalynn_Dhramapitaksook","CTR","FC","YES","Communication_Graphics_and_Support","Low","CTR2",0.0,"Communication_and_Outreach"],["YES","YES","Grant_Toeneboehn","CTR","FC","YES","D2D_Dashboard_Analytics","High","CTR2",0.0,"D2D_Operations_Center"],["YES","YES","Matt_Sandidge","GOV","SA","YES","Division_Metrics","Medium","GOV1",0.25,"Operations_Analytics"],["YES","YES","Matt_Sandidge","GOV","SA","YES","Enterprise_Reporting_Technical_Support","High","GOV1",0.5,"Operations_Analytics"],["YES","YES","Paxton_Gammie","CTR","FC","YES","Division_Space_Liaison_-_Updates","Medium","CTR1",0.25,"Division_Operations"],["YES","YES","Christopher_Combs","GOV","SA","YES","Enterprise_Reporting_Initiative_Architecture","High","GOV2",0.0,"Operations_Analytics"],["YES","YES","Kurt_Benz","GOV","SA","YES","Create_Slide_Libraries_for_all_major_presentations,_then_can_share_and_lots_of_metadata,_such_as_branch,_section,_office,_User,_and_each_member_can_view_all_the_slides_to_update_that_theyre_responsible_and_for_all_meeting_in_1_place._(Have_Staff_Mtg_and_Wkly_Leadership_Mtg_slides_set_up_in_I&O-).","Low","GOV2",0.0,"Division_Operations"],["YES","YES","Tonu_Nauage","CTR","FC","YES","D2D_OPSCENTER_Strategy","Low","CTR1",0.25,"D2D_Operations_Center"],["YES","YES","Larry_Long","CTR","FC","YES","Cloud_Infrastructure","High","CTR1",0.5,"Cloud_Strategy"],["YES","YES","Kenneth_Keith","CTR","FC","YES","Liaison_to_Solutions_Delivery_Division","High","CTR1",0.5,"Cloud_Strategy"],["YES","YES","Kurt_Benz","GOV","SA","YES","Manpower_Hiring_Actions_Lead","High","GOV1",0.5,"Human_Resources_Management"],["YES","YES","Christian_Weaver","CTR","FC","YES","Enterprise_Cloud_Applications","High","CTR2",0.0,"Cloud_Strategy"],["YES","YES","Kurt_Benz","GOV","SA","YES","San_Antonio_Trip_Support-Briefings_(every_six_weeks)","Medium","GOV2",0.0,"Division_Operations"],["YES","YES","Kenneth_Keith","CTR","FC","YES","CCES_Weekly_Technical_Group","Medium","CTR1",0.25,"Cloud_Strategy"],["YES","YES","Denise_Holloway","GOV","FC","YES","IT_Service_Management_(ITSM)","Medium","GOV1",0.0,"Continuous_Process_Improvement"],["YES","YES","Sara_Wujciak","CTR","FC","YES","Onboarding-Off-boarding_-_DHHQ","High","CTR1",0.0625,"Human_Resources_Management"],["YES","YES","Alexander_Hall","CTR","FC","YES","Ektropy_Training_Program","Medium","CTR1",0.0625,"Technology_Portfolio_Management"],["YES","YES","Alexander_Hall","CTR","FC","YES","Contract_Analysis_-_Mind_Map","High","CTR1",0.5,"Technology_Portfolio_Management"],["YES","YES","Denise_Holloway","GOV","FC","YES","W7_Slides-Performance_Improvement_Project_Plan_(PIPP)","High","GOV1",0.0,"Division_Operations"],["YES","YES","Kenneth_Keith","CTR","FC","YES","Cloud_Requirements_Gathering","Medium","CTR1",0.25,"Cloud_Strategy"],["YES","YES","Christopher_Combs","GOV","SA","YES","Contract-Acquisition_Management","Medium","GOV2",0.0,"Human_Resources_Management"],["YES","YES","Brent_Sonnier","GOV","SA","YES","Hiring_Actions_1","Medium","GOV1",0.25,"Human_Resources_Management"],["YES","YES","CDR_Nazario","GOV","FC","YES","OPSCENTER_-_End-to-end_Process-Request_Portal","High","GOV1",0.5,"D2D_Operations_Center"],["YES","YES","Christian_Weaver","CTR","FC","YES","TEC_Management","Low","CTR1",0.25,"Technology_Portfolio_Management"],["YES","YES","Rosalynn_Dhramapitaksook","CTR","FC","YES","Managers_Internal_Control_Program_(MICP)","Medium","CTR1",0.25,"Metrics_and_Reporting"],["YES","YES","Cameron_Abbott","CTR","FC","YES","Enterprise_Reporting_Project_Documentation","Medium","CTR2",0.0,"Division_Operations"],["YES","YES","Grant_Toeneboehn","CTR","FC","YES","LRTA_Technical_Implementation","Medium","CTR2",0.0,"Operations_Analytics"],["YES","YES","Larry_Long","CTR","FC","YES","Cyber_Security_Professional","Medium","CTR1",0.25,"Cloud_Strategy"],["YES","YES","Kristine_Peluso","GOV","FC","YES","Service_Catalog_Input","Medium","GOV1",0.25,"Continuous_Process_Improvement"],["YES","YES","Ying_Gomez","GOV","SA","YES","DAWIA_Tracking","Low","GOV2",0.0,"Human_Resources_Management"],["YES","YES","CDR_Nazario","GOV","FC","YES","D2D_OPSCENTER_Strategy","Low","GOV1",0.0,"D2D_Operations_Center"],["YES","YES","Christopher_Combs","GOV","SA","YES","Ad-Hoc_Reports_Generation","Medium","GOV2",0.0,"Operations_Analytics"],["YES","YES","Dolores_Ross","CTR","FC","YES","Contract_Actions_A","High","CTR1",0.5,"Division_Operations"],["YES","YES","Tonu_Nauage","CTR","FC","YES","Task_Management_Database","High","CTR1",0.25,"D2D_Operations_Center"],["YES","YES","Kurt_Benz","GOV","SA","YES","Hiring_Actions_1","Medium","GOV2",0.0,"Human_Resources_Management"],["YES","YES","Kurt_Benz","GOV","SA","YES","Automate_Excel_Reports_to_SP_lists,_then_can_be_linked_and_integrated,_and_can_include_on_the_meeting,_leadership,_branch_sites_for_starters_using_Web_Services","Low","GOV2",0.0,"Division_Operations"],["YES","YES","Jennifer_Newton","CTR","FC","YES","tIMO_-_Expeditating_deployment_3-5","Medium","CTR1",0.5,"Division_Operations"],["YES","YES","Denise_Holloway","GOV","FC","YES","Contracts_and_Budget","Medium","GOV1",0.25,"Division_Operations"],["YES","YES","Jack_Garabedian","CTR","FC","YES","D2D_Dashboard_Training_Development_and_Demonstration","Medium","CTR1",0.25,"Operations_Analytics"],["YES","YES","Grant_Toeneboehn","CTR","FC","YES","D2D_Dashboard_Project_Management","High","CTR2",0.0,"Operations_Analytics"],["YES","YES","Donte_Blackwell","CTR","FC","YES","Facilitates_schedule_updates_for_tIMO_and_the_D2D_deployment","Medium","CTR2",0.0,"Division_Operations"],["YES","YES","Kurt_Benz","GOV","SA","YES","Contract_Analysis","Low","GOV2",0.0,"Division_Operations"],["YES","YES","Rosalynn_Dhramapitaksook","CTR","FC","YES","Space_Management_-_DHHQ_only","Low","CTR1",0.0625,"Division_Operations"],["YES","YES","Paxton_Gammie","CTR","FC","YES","Strategic_Alignment","Low","CTR2",0.0,"Division_Operations"],["YES","YES","Christopher_Combs","GOV","SA","YES","Contract_Analysis","Low","GOV1",0.0625,"Division_Operations"],["YES","YES","Kristine_Peluso","GOV","FC","YES","OpsCenter_Meeting_Facilitation","High","GOV2",0.0,"D2D_Operations_Center"],["YES","YES","Matt_Sandidge","GOV","SA","YES","Enterprise_Reporting_Requirements","Medium","GOV1",0.25,"Operations_Analytics"],["YES","YES","Rosalynn_Dhramapitaksook","CTR","FC","YES","Strategic_Alignment","Low","CTR1",0.0625,"Division_Operations"],["YES","YES","Ying_Gomez","GOV","SA","YES","Onboarding-Off_boarding_-_San_Antonio","Medium","GOV1",0.25,"Division_Operations"],["YES","YES","Sara_Wujciak","CTR","FC","YES","NATO_Secretariat","High","CTR1",0.5,"Division_Operations"],["YES","YES","Christian_Weaver","CTR","FC","YES","Cloud_Requirements_Gathering","Medium","CTR2",0.0,"Cloud_Strategy"],["YES","YES","Ying_Gomez","GOV","SA","YES","Hiring_Actions_3","Medium","GOV1",0.25,"Human_Resources_Management"],["YES","YES","Selamawit_Telahun_(Cookie)","CTR","FC","YES","Work_Break_Down_Structure","Low","CTR2",0.0,"Continuous_Process_Improvement"],["YES","YES","Denise_Holloway","GOV","FC","YES","Manpower_Hiring_Actions_Lead","High","GOV2",0.0,"Human_Resources_Management"],["YES","YES","Rosalynn_Dhramapitaksook","CTR","FC","YES","D2D_Tasker_Support","Medium","CTR2",0.0,"Division_Operations"],["YES","YES","Matt_Sandidge","GOV","SA","YES","Enterprise_Reporting_Data_Analysis","Medium","GOV1",0.02,"Operations_Analytics"],["YES","YES","Kenneth_Keith","CTR","FC","YES","Cloud_Service_Catalog_(CRM)","Medium","CTR1",0.25,"Cloud_Strategy"],["YES","YES","Larry_Long","CTR","FC","YES","Cloud_Risk_Management","Medium","CTR1",0.25,"Cloud_Strategy"],["YES","YES","Paxton_Gammie","CTR","FC","YES","Marketing_Materials_(Fact_Sheets,_Postcards,_Articles,_etc.)","Low","CTR1",0.0625,"Communication_and_Outreach"],["YES","YES","Denise_Holloway","GOV","FC","YES","Meeting_Facilitation","High","CTR1",0.5,"Division_Operations"],["YES","YES","Sylvia_Ortega","CTR","FC","YES","Ektropy_Risk_Module_Training","High","CTR2",0.0,"D2D_Operations_Center"],["YES","YES","Denise_Holloway","GOV","FC","YES","Division_Space_Coordination","Medium","GOV2",0.0,"Division_Operations"],["YES","YES","Kenneth_Keith","CTR","FC","YES","Cloud_Transition_Management","Medium","CTR1",0.25,"Cloud_Strategy"],["YES","YES","Christian_Weaver","CTR","FC","YES","CCES_Weekly_Technical_Group","Medium","CTR2",0.0,"Cloud_Strategy"],["YES","YES","Kurt_Benz","GOV","SA","YES","Contracts_and_Budget","Medium","GOV2",0.0,"Division_Operations"],["YES","YES","Grant_Toeneboehn","CTR","FC","YES","D2D_Dashboard_Schedule_Risk_Analysis","High","CTR2",0.0,"Operations_Analytics"],["YES","YES","Kristine_Peluso","GOV","FC","YES","D2D_Site_Coordination_Strategy","High","GOV2",0.0,"D2D_Operations_Center"],["YES","YES","CDR_Nazario","GOV","FC","YES","OPSCENTER_-_Executive_Reporting","High","GOV1",0.5,"D2D_Operations_Center"],["YES","YES","Alexander_Hall","CTR","FC","YES","Ektopy_JIPR_Customer_Feedback","Low","CTR1",0.25,"Technology_Portfolio_Management"],["YES","YES","Alexander_Hall","CTR","FC","YES","JIPR_Reports_Generations","Low","CTR1",0.5,"Technology_Portfolio_Management"],["YES","YES","Kristine_Peluso","GOV","FC","YES","Strategic_Alignment_Lead","Low","GOV2",0.0,"Division_Operations"],["YES","YES","Tonu_Nauage","CTR","FC","YES","D2D_OPSCENTER_Request_(Front_door)","High","CTR1",0.25,"D2D_Operations_Center"],["YES","YES","Denise_Holloway","GOV","FC","YES","AACE_Strategic_Alignment_to_J6-Workstream_27","Medium","GOV1",0.25,"Division_Operations"],["YES","YES","Denise_Holloway","GOV","FC","YES","Work_Break_Down_Structure","Low","GOV1",0.0,"Continuous_Process_Improvement"],["YES","YES","Jennifer_Newton","CTR","FC","YES","Division_Marketing","Medium","CTR2",0.0,"Communication_and_Outreach"],["YES","YES","Cameron_Abbott","CTR","FC","YES","Enterprise_Reporting_Meeting_Facilitor","Medium","CTR2",0.0,"Division_Operations"],["YES","YES","Sylvia_Ortega","CTR","FC","YES","Support_Agreements","High","CTR2",0.0,"Division_Operations"],["YES","YES","Rosalynn_Dhramapitaksook","CTR","FC","YES","OPSCENTER_-_Graphics_and_Communications","High","CTR2",0.0,"Communication_and_Outreach"],["YES","YES","Denise_Holloway","GOV","FC","YES","4th_Estate_Commodity_IT","High","GOV1",0.5,"Division_Operations"],["YES","YES","Julie_OBrien","GOV","SA","YES","Communication_Plans","Medium","GOV2",0.0,"Communication_and_Outreach"],["YES","YES","Christian_Weaver","CTR","FC","YES","Liaison_to_Solutions_Delivery_Division","High","CTR2",0.0,"Cloud_Strategy"],["YES","YES","Paxton_Gammie","CTR","FC","YES","AACE_Exec_Preparation_(Actions,_Meeting)","High","CTR2",0.0,"Division_Operations"],["YES","YES","Ying_Gomez","GOV","SA","YES","Space_Management_-_San_Antonio_A","Medium","GOV1",0.25,"Division_Operations"],["YES","YES","Jennifer_Newton","CTR","FC","YES","Special_Projects_for_Leadership_DAD_IO","Medium","CTR2",0.0,"Division_Operations"],["YES","YES","Joshua_Browning","CTR","FC","YES","Site_Implementation_Risk_Management","High","CTR1",0.5,"D2D_Operations_Center"],["YES","YES","Ann_Williams","GOV","SA","YES","OPSCENTER_-_Communication-Outreach","High","GOV1",0.5,"Communication_and_Outreach"],["YES","YES","Rosalynn_Dhramapitaksook","CTR","FC","YES","AACE_Exec_Preparation_(Actions,_Meeting)","High","CTR1",0.5,"Division_Operations"],["YES","YES","Sara_Wujciak","CTR","FC","YES","milConnect_Properties","Low","CTR1",0.0625,"Division_Operations"]],"headers":["Assigned_To_Active","Employee_Active","Employee_Name","GOV_CTR","Location","Project_Active","Project_Name","Project_Priority","Role","Time_Allocated","Work_Stream"],"rawHeaders":["ASSIGNED_TO_ACTIVE","EMPLOYEE_ACTIVE","EMPLOYEE_NAME","GOV_CTR","LOCATION","PROJECT_ACTIVE","PROJECT_NAME","PROJECT_PRIORITY","ROLE","TIME_ALLOCATED","WORK_STREAM"]},"headerInfo":[{"alias":"Assigned_To_Active","header":"FRAME439584__Assigned_To_Active","type":"STRING","derived":false},{"alias":"Employee_Active","header":"FRAME439584__Employee_Active","type":"STRING","derived":false},{"alias":"Employee_Name","header":"FRAME439584__Employee_Name","type":"STRING","derived":false},{"alias":"GOV_CTR","header":"FRAME439584__GOV_CTR","type":"STRING","derived":false},{"alias":"Location","header":"FRAME439584__Location","type":"STRING","derived":false},{"alias":"Project_Active","header":"FRAME439584__Project_Active","type":"STRING","derived":false},{"alias":"Project_Name","header":"FRAME439584__Project_Name","type":"STRING","derived":false},{"alias":"Project_Priority","header":"FRAME439584__Project_Priority","type":"STRING","derived":false},{"alias":"Role","header":"FRAME439584__Role","type":"STRING","derived":false},{"alias":"Time_Allocated","header":"FRAME439584__Time_Allocated","type":"NUMBER","derived":false},{"alias":"Work_Stream","header":"FRAME439584__Work_Stream","type":"STRING","derived":false}],"sortInfo":[],"numRows":365,"numCollected":500,"taskOptions":{"0":{"layout":"Grid","alignment":{"label":["Assigned_To_Active","Employee_Active","Employee_Name","GOV_CTR","Location","Project_Active","Project_Name","Project_Priority","Role","Time_Allocated","Work_Stream"]}}},"format":{"type":"TABLE"},"filterInfo":[],"taskId":"task1"},"operationType":["TASK_DATA"]}]}