{"engineId":"78cf23a1-4e10-4c38-b1bb-7499422fbc70","engineName":"Manpower Reporting","rdbmsId":"cc4e09fb-b3f6-4c86-bbd9-3cdf27ed155b","varstore":{},"frames":[{"file":"@BaseFolder@\\db\\@ENGINE@\\version\\cc4e09fb-b3f6-4c86-bbd9-3cdf27ed155b\\FRAME748010.gz","meta":"@BaseFolder@\\db\\@ENGINE@\\version\\cc4e09fb-b3f6-4c86-bbd9-3cdf27ed155b\\METADATA__FRAME748010.owl","state":null,"type":"prerna.ds.h2.H2Frame","name":"FRAME748010","keys":["$CUR_FRAME_KEY","FRAME748010"]}],"panels":[{"panelId":"0","panelLabel":"Employee Details","view":"visualization","viewOptions":"{\"type\":\"echarts\"}","viewOptionsMap":{"federate-view":{"app_id":"677d0bc4-50ee-4089-89b3-209fdcaace4a"},"visualization":{"type":"echarts"}},"config":{"type":"STANDARD","opacity":100},"ornaments":{"tools":{"shared":{"toggleLegend":true,"rotateAxis":true}}},"events":{"onSingleClick":{"Unfilter":[{"disabledVisuals":["Grid","Sunburst"],"default":true,"query":"UnfilterFrame(<SelectedColumn>);","options":{},"refresh":false,"disabled":false,"panel":""}]},"onBrush":{"Filter":[{"default":true,"query":"if(IsEmpty(<SelectedValues>), UnfilterFrame(<SelectedColumn>), SetFrameFilter(<SelectedColumn>==<SelectedValues>));","options":{},"refresh":false,"disabled":false,"panel":""}]}},"comments":{},"position":{},"filters":[],"order":[],"cbv":[]},{"panelId":"1","panelLabel":"Project Priority","view":"visualization","viewOptions":"{\"type\":\"echarts\"}","viewOptionsMap":{"federate-view":{"app_id":"677d0bc4-50ee-4089-89b3-209fdcaace4a"},"visualization":{"type":"echarts"}},"config":{"type":"STANDARD","opacity":100.0},"ornaments":{"tools":{"shared":{"toggleLegend":false,"rotateAxis":true,"displayValues":false,"customizePieLabel":{"dynamicView":"Yes","fontSize":"14","position":"Inside","dimension":["Name"],"showLabel":"<showLabel>"},"animationPie":"Exponential"}}},"events":{"onSingleClick":{"Unfilter":[{"disabledVisuals":["Grid","Sunburst"],"default":true,"query":"UnfilterFrame(<SelectedColumn>);","options":{},"refresh":false,"disabled":false,"panel":""}]},"onBrush":{"Filter":[{"default":true,"query":"if(IsEmpty(<SelectedValues>), UnfilterFrame(<SelectedColumn>), SetFrameFilter(<SelectedColumn>==<SelectedValues>));","options":{},"refresh":false,"disabled":false,"panel":""}]},"onDoubleClick":{"Priority":[{"disabledVisuals":[],"query":"SetFrameFilter(<SelectedColumn>==<SelectedValues>);","options":{},"refresh":true,"panel":""}]}},"comments":{},"position":{},"filters":[],"order":[],"cbv":[]},{"panelId":"2","panelLabel":"Project Workstream","view":"visualization","viewOptions":"{\"type\":\"echarts\"}","viewOptionsMap":{"federate-view":{"app_id":"677d0bc4-50ee-4089-89b3-209fdcaace4a"},"visualization":{"type":"echarts"}},"config":{"type":"STANDARD","opacity":100.0},"ornaments":{"tools":{"shared":{"toggleLegend":false,"rotateAxis":true,"displayValues":false,"customizePieLabel":{"dynamicView":"Yes","fontSize":"12","position":"Outside","dimension":["Name"],"showLabel":"<showLabel>"},"animationPie":"Expansion","toggleDonut":true}}},"events":{"onSingleClick":{"Unfilter":[{"disabledVisuals":["Grid","Sunburst"],"default":true,"query":"UnfilterFrame(<SelectedColumn>);","options":{},"refresh":false,"disabled":false,"panel":""}]},"onBrush":{"Filter":[{"default":true,"query":"if(IsEmpty(<SelectedValues>), UnfilterFrame(<SelectedColumn>), SetFrameFilter(<SelectedColumn>==<SelectedValues>));","options":{},"refresh":false,"disabled":false,"panel":""}]},"onDoubleClick":{"Workstream":[{"disabledVisuals":[],"query":"SetFrameFilter(<SelectedColumn>==<SelectedValues>);","options":{},"refresh":true,"panel":""}]}},"comments":{},"position":{},"filters":[],"order":[],"cbv":[]},{"panelId":"3","panelLabel":"Project Details","view":"visualization","viewOptions":"{\"type\":\"standard\"}","viewOptionsMap":{"federate-view":{"app_id":"677d0bc4-50ee-4089-89b3-209fdcaace4a"},"visualization":{"type":"standard"}},"config":{"type":"STANDARD","opacity":100.0},"ornaments":{"tools":{"shared":{"toggleLegend":true,"rotateAxis":true}}},"events":{"onSingleClick":{"Unfilter":[{"disabledVisuals":["Grid","Sunburst"],"default":true,"query":"UnfilterFrame(<SelectedColumn>);","options":{},"refresh":false,"disabled":false,"panel":""}]},"onBrush":{"Filter":[{"default":true,"query":"if(IsEmpty(<SelectedValues>), UnfilterFrame(<SelectedColumn>), SetFrameFilter(<SelectedColumn>==<SelectedValues>));","options":{},"refresh":false,"disabled":false,"panel":""}]}},"comments":{},"position":{},"filters":[],"order":[],"cbv":[]}],"tasks":{"tasks":[{"type":"basic","task":{"taskType":"basic","id":"task1","numCollected":500,"internalOffset":0,"taskOptions":"{\"options\":{\"0\":{\"layout\":\"Grid\",\"alignment\":{\"label\":[\"Assigned_To_Active\",\"Employee_Active\",\"Employee_Name\",\"GOV_CTR\",\"Location\",\"Project_Active\",\"Project_Name\",\"Project_Priority\",\"Role\",\"Time_Allocated\",\"Work_Stream\"]}}},\"ornament\":false}","qs":{"qsType":"FRAME","frameName":"FRAME748010","isDistinct":true,"overrideImplicit":false,"limit":500,"offset":0,"relations":"[]","selectors":[{"type":"COLUMN","content":{"table":"FRAME748010","column":"Assigned_To_Active","alias":"Assigned_To_Active","tableAlias":null}},{"type":"COLUMN","content":{"table":"FRAME748010","column":"Employee_Active","alias":"Employee_Active","tableAlias":null}},{"type":"COLUMN","content":{"table":"FRAME748010","column":"Employee_Name","alias":"Employee_Name","tableAlias":null}},{"type":"COLUMN","content":{"table":"FRAME748010","column":"GOV_CTR","alias":"GOV_CTR","tableAlias":null}},{"type":"COLUMN","content":{"table":"FRAME748010","column":"Location","alias":"Location","tableAlias":null}},{"type":"COLUMN","content":{"table":"FRAME748010","column":"Project_Active","alias":"Project_Active","tableAlias":null}},{"type":"COLUMN","content":{"table":"FRAME748010","column":"Project_Name","alias":"Project_Name","tableAlias":null}},{"type":"COLUMN","content":{"table":"FRAME748010","column":"Project_Priority","alias":"Project_Priority","tableAlias":null}},{"type":"COLUMN","content":{"table":"FRAME748010","column":"Role","alias":"Role","tableAlias":null}},{"type":"COLUMN","content":{"table":"FRAME748010","column":"Time_Allocated","alias":"Time_Allocated","tableAlias":null}},{"type":"COLUMN","content":{"table":"FRAME748010","column":"Work_Stream","alias":"Work_Stream","tableAlias":null}}]}}},{"type":"basic","task":{"taskType":"basic","id":"task3","numCollected":500,"internalOffset":0,"taskOptions":"{\"options\":{\"0\":{\"layout\":\"Column\",\"alignment\":{\"label\":[\"Employee_Name\"],\"value\":[\"CountofProject_Name\",\"SumofFTE_Hrs_per_8hr_dy\"]}}},\"ornament\":false}","qs":{"qsType":"FRAME","frameName":"FRAME748010","isDistinct":true,"overrideImplicit":false,"limit":500,"offset":0,"relations":"[]","groups":["{\"column\":\"PRIM_KEY_PLACEHOLDER\",\"table\":\"Employee_Name\",\"alias\":\"\"}"],"orders":["{\"sortDir\":\"DESC\",\"column\":\"PRIM_KEY_PLACEHOLDER\",\"table\":\"SumofFTE_Hrs_per_8hr_dy\",\"alias\":\"\"}"],"selectors":[{"type":"COLUMN","content":{"table":"Employee_Name","column":"PRIM_KEY_PLACEHOLDER","alias":"Employee_Name","tableAlias":null}},{"type":"FUNCTION","content":{"alias":"CountofProject_Name","function":"count","distinct":false,"colCast":"","innerSelectors":[{"type":"COLUMN","content":{"table":"Project_Name","column":"PRIM_KEY_PLACEHOLDER","alias":"Project_Name","tableAlias":null}}]}},{"type":"FUNCTION","content":{"alias":"SumofFTE_Hrs_per_8hr_dy","function":"sum","distinct":false,"colCast":"","innerSelectors":[{"type":"COLUMN","content":{"table":"FTE_Hrs_per_8hr_dy","column":"PRIM_KEY_PLACEHOLDER","alias":"FTE_Hrs_per_8hr_dy","tableAlias":null}}]}}]}}},{"type":"basic","task":{"taskType":"basic","id":"task5","numCollected":500,"internalOffset":0,"taskOptions":"{\"options\":{\"1\":{\"layout\":\"Pie\",\"alignment\":{\"heat\":[],\"tooltip\":[],\"label\":[\"Project_Priority\"],\"value\":[\"CountofProject_Name\"],\"facet\":[]}}},\"ornament\":false}","qs":{"qsType":"FRAME","frameName":"FRAME748010","isDistinct":true,"overrideImplicit":false,"limit":500,"offset":0,"relations":"[]","groups":["{\"column\":\"PRIM_KEY_PLACEHOLDER\",\"table\":\"Project_Priority\",\"alias\":\"\"}"],"selectors":[{"type":"COLUMN","content":{"table":"Project_Priority","column":"PRIM_KEY_PLACEHOLDER","alias":"Project_Priority","tableAlias":null}},{"type":"FUNCTION","content":{"alias":"CountofProject_Name","function":"uniquecount","distinct":true,"colCast":"","innerSelectors":[{"type":"COLUMN","content":{"table":"Project_Name","column":"PRIM_KEY_PLACEHOLDER","alias":"Project_Name","tableAlias":null}}]}}]}}},{"type":"basic","task":{"taskType":"basic","id":"task7","numCollected":500,"internalOffset":0,"taskOptions":"{\"options\":{\"2\":{\"layout\":\"Pie\",\"alignment\":{\"heat\":[],\"tooltip\":[],\"label\":[\"Work_Stream\"],\"value\":[\"SumofFTE_Hrs_per_40hr_wk\"],\"facet\":[]}}},\"ornament\":false}","qs":{"qsType":"FRAME","frameName":"FRAME748010","isDistinct":true,"overrideImplicit":false,"limit":500,"offset":0,"relations":"[]","groups":["{\"column\":\"PRIM_KEY_PLACEHOLDER\",\"table\":\"Work_Stream\",\"alias\":\"\"}"],"selectors":[{"type":"COLUMN","content":{"table":"Work_Stream","column":"PRIM_KEY_PLACEHOLDER","alias":"Work_Stream","tableAlias":null}},{"type":"FUNCTION","content":{"alias":"SumofFTE_Hrs_per_40hr_wk","function":"sum","distinct":false,"colCast":"","innerSelectors":[{"type":"COLUMN","content":{"table":"FTE_Hrs_per_40hr_wk","column":"PRIM_KEY_PLACEHOLDER","alias":"FTE_Hrs_per_40hr_wk","tableAlias":null}}]}}]}}},{"type":"basic","task":{"taskType":"basic","id":"task9","numCollected":500,"internalOffset":0,"taskOptions":"{\"options\":{\"3\":{\"layout\":\"Grid\",\"alignment\":{\"label\":[\"Project_Name\",\"Employee_Name\",\"Role\",\"FTE_Hrs_per_40hr_wk\"]}}},\"ornament\":false}","qs":{"qsType":"FRAME","frameName":"FRAME748010","isDistinct":true,"overrideImplicit":false,"limit":500,"offset":0,"relations":"[]","selectors":[{"type":"COLUMN","content":{"table":"Project_Name","column":"PRIM_KEY_PLACEHOLDER","alias":"Project_Name","tableAlias":null}},{"type":"COLUMN","content":{"table":"Employee_Name","column":"PRIM_KEY_PLACEHOLDER","alias":"Employee_Name","tableAlias":null}},{"type":"COLUMN","content":{"table":"Role","column":"PRIM_KEY_PLACEHOLDER","alias":"Role","tableAlias":null}},{"type":"COLUMN","content":{"table":"FTE_Hrs_per_40hr_wk","column":"PRIM_KEY_PLACEHOLDER","alias":"FTE_Hrs_per_40hr_wk","tableAlias":null}}]}}},{"type":"basic","task":{"taskType":"basic","id":"task11","numCollected":500,"internalOffset":0,"taskOptions":"{\"options\":{\"1\":{\"layout\":\"Pie\",\"alignment\":{\"heat\":[],\"tooltip\":[],\"label\":[\"Project_Priority\"],\"value\":[\"UniqueCountofProject_Name\"],\"facet\":[]}}},\"ornament\":false}","qs":{"qsType":"FRAME","frameName":"FRAME748010","isDistinct":true,"overrideImplicit":false,"limit":500,"offset":0,"relations":"[]","groups":["{\"column\":\"PRIM_KEY_PLACEHOLDER\",\"table\":\"Project_Priority\",\"alias\":\"\"}"],"selectors":[{"type":"COLUMN","content":{"table":"Project_Priority","column":"PRIM_KEY_PLACEHOLDER","alias":"Project_Priority","tableAlias":null}},{"type":"FUNCTION","content":{"alias":"UniqueCountofProject_Name","function":"uniquecount","distinct":true,"colCast":"","innerSelectors":[{"type":"COLUMN","content":{"table":"Project_Name","column":"PRIM_KEY_PLACEHOLDER","alias":"Project_Name","tableAlias":null}}]}}]}}}],"taskCounter":12},"recipe":["AddPanel ( 0 ) ;","Panel ( 0 ) | AddPanelConfig ( config = [ { \"config\" : { \"type\" : \"STANDARD\" , \"opacity\" : 100 } } ] ) ;","Panel ( 0 ) | AddPanelEvents ( { \"onSingleClick\" : { \"Unfilter\" : [ { \"panel\" : \"\" , \"query\" : \"<encode>UnfilterFrame(<SelectedColumn>);</encode>\" , \"options\" : { } , \"refresh\" : false , \"default\" : true , \"disabledVisuals\" : [ \"Grid\" , \"Sunburst\" ] , \"disabled\" : false } ] } , \"onBrush\" : { \"Filter\" : [ { \"panel\" : \"\" , \"query\" : \"<encode>if(IsEmpty(<SelectedValues>), UnfilterFrame(<SelectedColumn>), SetFrameFilter(<SelectedColumn>==<SelectedValues>));</encode>\" , \"options\" : { } , \"refresh\" : false , \"default\" : true , \"disabled\" : false } ] } } ) ;","Panel ( 0 ) | RetrievePanelEvents ( ) ;","Panel ( 0 ) | SetPanelView ( \"visualization\" , \"<encode>{\"type\":\"echarts\"}</encode>\" ) ;","Panel ( 0 ) | SetPanelView ( \"federate-view\" , \"<encode>{\"app_id\":\"78cf23a1-4e10-4c38-b1bb-7499422fbc70\"}</encode>\" ) ;","AddPanel ( 0 ) ;","Panel ( 0 ) | AddPanelConfig ( config = [ { \"config\" : { \"type\" : \"STANDARD\" , \"opacity\" : 100 } } ] ) ;","Panel ( 0 ) | AddPanelEvents ( { \"onSingleClick\" : { \"Unfilter\" : [ { \"panel\" : \"\" , \"query\" : \"<encode>UnfilterFrame(<SelectedColumn>);</encode>\" , \"options\" : { } , \"refresh\" : false , \"default\" : true , \"disabledVisuals\" : [ \"Grid\" , \"Sunburst\" ] , \"disabled\" : false } ] } , \"onBrush\" : { \"Filter\" : [ { \"panel\" : \"\" , \"query\" : \"<encode>if(IsEmpty(<SelectedValues>), UnfilterFrame(<SelectedColumn>), SetFrameFilter(<SelectedColumn>==<SelectedValues>));</encode>\" , \"options\" : { } , \"refresh\" : false , \"default\" : true , \"disabled\" : false } ] } } ) ;","Panel ( 0 ) | RetrievePanelEvents ( ) ;","Panel ( 0 ) | SetPanelView ( \"visualization\" , \"<encode>{\"type\":\"echarts\"}</encode>\" ) ;","Panel ( 0 ) | SetPanelView ( \"federate-view\" , \"<encode>{\"app_id\":\"677d0bc4-50ee-4089-89b3-209fdcaace4a\"}</encode>\" ) ;","CreateFrame ( frameType = [ GRID ] , override = [ true ] ) .as ( [ 'FRAME748010' ] ) ;","Database ( database = [ \"78cf23a1-4e10-4c38-b1bb-7499422fbc70\" ] ) | Select ( Employee_Name , Employee_Name__Employee_Active , Employee_Name__GOV_CTR , Employee_Name__Location ) .as ( [ Employee_Name , Employee_Active , GOV_CTR , Location ] ) | Filter ( Employee_Name__Employee_Active == [ \"YES\" ] ) | Import ( frame = [ FRAME748010 ] ) ;","Database ( database = [ \"78cf23a1-4e10-4c38-b1bb-7499422fbc70\" ] ) | Select ( Assigned_ID__Employee_Name , Assigned_ID__Project_Name , Assigned_ID__Assigned_To_Active , Assigned_ID__Role , Assigned_ID__Time_Allocated ) .as ( [ Employee_Name , Project_Name , Assigned_To_Active , Role , Time_Allocated ] ) | Filter ( Assigned_ID__Assigned_To_Active == [ null , \"YES\" ] ) | Merge ( joins = [ ( Employee_Name , outer.join , Assigned_ID__Employee_Name ) ] , frame = [ FRAME748010 ] ) ;","Database ( database = [ \"78cf23a1-4e10-4c38-b1bb-7499422fbc70\" ] ) | Select ( Project_Name , Project_Name__Project_Active , Project_Name__Project_Priority , Project_Name__Work_Stream ) .as ( [ Project_Name , Project_Active , Project_Priority , Work_Stream ] ) | Filter ( Project_Name__Project_Active == [ \"YES\" ] ) | Merge ( joins = [ ( Project_Name , left.outer.join , Project_Name ) ] , frame = [ FRAME748010 ] ) ;","Panel ( 0 ) | SetPanelView ( \"visualization\" ) ;","Frame ( frame = [ FRAME748010 ] ) | QueryAll ( ) | AutoTaskOptions ( panel = [ \"0\" ] , layout = [ \"Grid\" ] ) | Collect ( 500 ) ;","Select ( ( Time_Allocated * 8 ) , Time_Allocated ) .as ( [ FTE_Hrs_per_8hr_dy , Time_Allocated ] ) | Merge ( joins = [ ( Time_Allocated , left.outer.join , Time_Allocated ) ] ) ;","Select ( ( Time_Allocated * 40 ) , Time_Allocated ) .as ( [ FTE_Hrs_per_40hr_wk , Time_Allocated ] ) | Merge ( joins = [ ( Time_Allocated , left.outer.join , Time_Allocated ) ] ) ;","Panel ( 0 ) | AddPanelOrnaments ( { \"tools\" : { \"shared\" : { \"rotateAxis\" : true } } } ) ;","Panel ( 0 ) | RetrievePanelOrnaments ( \"tools.shared.rotateAxis\" ) ;","Panel ( 0 ) | UnsortPanel ( ) ;","Frame ( ) | Select ( Employee_Name , Count ( Project_Name ) , Sum ( FTE_Hrs_per_8hr_dy ) ) .as ( [ Employee_Name , CountofProject_Name , SumofFTE_Hrs_per_8hr_dy ] ) | Group ( Employee_Name ) | Sort ( columns = [ \"SumofFTE_Hrs_per_8hr_dy\" ] , sort = [ \"desc\" ] ) | With ( Panel ( 0 ) ) | Format ( type = [ 'table' ] ) | TaskOptions ( { \"0\" : { \"layout\" : \"Column\" , \"alignment\" : { \"label\" : [ \"Employee_Name\" ] , \"value\" : [ \"CountofProject_Name\" , \"SumofFTE_Hrs_per_8hr_dy\" ] } } } ) | Collect ( 500 ) ;","Panel ( 0 ) | AddPanelOrnaments ( { \"tools\" : { \"shared\" : { \"toggleLegend\" : true } } } ) ;","Panel ( 0 ) | RetrievePanelOrnaments ( \"tools.shared.toggleLegend\" ) ;","Panel ( 0 ) | SetPanelLabel ( \"Employee Details\" ) ;","Panel ( 0 ) | Clone ( 1 ) ;","if ( ( HasDuplicates ( Project_Priority ) ) , ( Select ( Project_Priority , UniqueCount ( Project_Name ) ) .as ( [ Project_Priority , CountofProject_Name ] ) | Group ( Project_Priority ) | With ( Panel ( 1 ) ) | Format ( type = [ 'table' ] ) | TaskOptions ( { \"1\" : { \"layout\" : \"Pie\" , \"alignment\" : { \"label\" : [ \"Project_Priority\" ] , \"value\" : [ \"CountofProject_Name\" ] , \"heat\" : [ ] , \"tooltip\" : [ ] , \"facet\" : [ ] } } } ) | Collect ( 500 ) ) , ( Select ( Project_Priority , UniqueCount ( Project_Name ) ) .as ( [ Project_Priority , CountofProject_Name ] ) | Group ( Project_Priority ) | With ( Panel ( 1 ) ) | Format ( type = [ 'table' ] ) | TaskOptions ( { \"1\" : { \"layout\" : \"Pie\" , \"alignment\" : { \"label\" : [ \"Project_Priority\" ] , \"value\" : [ \"CountofProject_Name\" ] , \"heat\" : [ ] , \"tooltip\" : [ ] , \"facet\" : [ ] } } } ) | Collect ( 500 ) ) ) ;","Panel ( 1 ) | AddPanelOrnaments ( { \"tools\" : { \"shared\" : { \"displayValues\" : true } } } ) ;","Panel ( 1 ) | RetrievePanelOrnaments ( \"tools.shared.displayValues\" ) ;","Panel ( 1 ) | AddPanelOrnaments ( { \"tools\" : { \"shared\" : { \"toggleLegend\" : false } } } ) ;","Panel ( 1 ) | RetrievePanelOrnaments ( \"tools.shared.toggleLegend\" ) ;","Panel ( 1 ) | AddPanelOrnaments ( { \"tools\" : { \"shared\" : { \"displayValues\" : false } } } ) ;","Panel ( 1 ) | RetrievePanelOrnaments ( \"tools.shared.displayValues\" ) ;","Panel ( 1 ) | AddPanelOrnaments ( { \"tools\" : { \"shared\" : { \"displayValues\" : false , \"customizePieLabel\" : { \"showLabel\" : \"<showLabel>\" , \"position\" : \"Inside\" , \"dimension\" : [ \"Name\" ] , \"fontSize\" : \"14\" , \"dynamicView\" : \"Yes\" } } } } ) ;","Panel ( 1 ) | RetrievePanelOrnaments ( \"tools.shared.customizePieLabel\" ) ;","Panel ( 1 ) | RetrievePanelOrnaments ( \"tools.shared.displayValues\" ) ;","Panel ( 1 ) | AddPanelOrnaments ( { \"tools\" : { \"shared\" : { \"animationPie\" : \"Exponential\" } } } ) ;","Panel ( 1 ) | RetrievePanelOrnaments ( \"tools.shared.animationPie\" ) ;","Panel ( 1 ) | SetPanelLabel ( \"Project Priority\" ) ;","Panel ( 1 ) | AddPanelEvents ( { \"onDoubleClick\" : { \"Priority\" : [ { \"panel\" : \"\" , \"query\" : \"<encode>SetFrameFilter(<SelectedColumn>==<SelectedValues>);</encode>\" , \"options\" : { } , \"refresh\" : true , \"disabledVisuals\" : [ ] } ] } } ) ;","Panel ( 1 ) | RetrievePanelEvents ( ) ;","Panel ( 0 ) | Clone ( 2 ) ;","if ( ( HasDuplicates ( Work_Stream ) ) , ( Select ( Work_Stream , Sum ( FTE_Hrs_per_40hr_wk ) ) .as ( [ Work_Stream , SumofFTE_Hrs_per_40hr_wk ] ) | Group ( Work_Stream ) | With ( Panel ( 2 ) ) | Format ( type = [ 'table' ] ) | TaskOptions ( { \"2\" : { \"layout\" : \"Pie\" , \"alignment\" : { \"label\" : [ \"Work_Stream\" ] , \"value\" : [ \"SumofFTE_Hrs_per_40hr_wk\" ] , \"heat\" : [ ] , \"tooltip\" : [ ] , \"facet\" : [ ] } } } ) | Collect ( 500 ) ) , ( Select ( Work_Stream , FTE_Hrs_per_40hr_wk ) .as ( [ Work_Stream , FTE_Hrs_per_40hr_wk ] ) | With ( Panel ( 2 ) ) | Format ( type = [ 'table' ] ) | TaskOptions ( { \"2\" : { \"layout\" : \"Pie\" , \"alignment\" : { \"label\" : [ \"Work_Stream\" ] , \"value\" : [ \"FTE_Hrs_per_40hr_wk\" ] , \"heat\" : [ ] , \"tooltip\" : [ ] , \"facet\" : [ ] } } } ) | Collect ( 500 ) ) ) ;","Panel ( 2 ) | AddPanelOrnaments ( { \"tools\" : { \"shared\" : { \"toggleLegend\" : false } } } ) ;","Panel ( 2 ) | RetrievePanelOrnaments ( \"tools.shared.toggleLegend\" ) ;","Panel ( 2 ) | AddPanelOrnaments ( { \"tools\" : { \"shared\" : { \"displayValues\" : false , \"customizePieLabel\" : { \"showLabel\" : \"<showLabel>\" , \"position\" : \"Outside\" , \"dimension\" : [ \"Name\" ] , \"fontSize\" : \"12\" , \"dynamicView\" : \"Yes\" } } } } ) ;","Panel ( 2 ) | RetrievePanelOrnaments ( \"tools.shared.customizePieLabel\" ) ;","Panel ( 2 ) | RetrievePanelOrnaments ( \"tools.shared.displayValues\" ) ;","Panel ( 2 ) | AddPanelOrnaments ( { \"tools\" : { \"shared\" : { \"displayValues\" : false , \"customizePieLabel\" : { \"showLabel\" : \"<showLabel>\" , \"position\" : \"Outside\" , \"dimension\" : [ \"Name\" ] , \"fontSize\" : \"12\" , \"dynamicView\" : \"Yes\" } } } } ) ;","Panel ( 2 ) | RetrievePanelOrnaments ( \"tools.shared.customizePieLabel\" ) ;","Panel ( 2 ) | RetrievePanelOrnaments ( \"tools.shared.displayValues\" ) ;","Panel ( 2 ) | AddPanelOrnaments ( { \"tools\" : { \"shared\" : { \"animationPie\" : \"Expansion\" } } } ) ;","Panel ( 2 ) | RetrievePanelOrnaments ( \"tools.shared.animationPie\" ) ;","Panel ( 2 ) | AddPanelOrnaments ( { \"tools\" : { \"shared\" : { \"toggleDonut\" : true } } } ) ;","Panel ( 2 ) | RetrievePanelOrnaments ( \"tools.shared.toggleDonut\" ) ;","Panel ( 2 ) | AddPanelEvents ( { \"onDoubleClick\" : { \"Workstream\" : [ { \"panel\" : \"\" , \"query\" : \"<encode>SetFrameFilter(<SelectedColumn>==<SelectedValues>);</encode>\" , \"options\" : { } , \"refresh\" : true , \"disabledVisuals\" : [ ] } ] } } ) ;","Panel ( 2 ) | RetrievePanelEvents ( ) ;","Panel ( 2 ) | SetPanelLabel ( \"Project Workstream\" ) ;","Panel ( 0 ) | Clone ( 3 ) ;","Panel ( 3 ) | SetPanelView ( \"visualization\" , \"<encode>{\"type\":\"standard\"}</encode>\" ) ;","Select ( Project_Name , Employee_Name , Role , FTE_Hrs_per_40hr_wk ) .as ( [ Project_Name , Employee_Name , Role , FTE_Hrs_per_40hr_wk ] ) | With ( Panel ( 3 ) ) | Format ( type = [ 'table' ] ) | TaskOptions ( { \"3\" : { \"layout\" : \"Grid\" , \"alignment\" : { \"label\" : [ \"Project_Name\" , \"Employee_Name\" , \"Role\" , \"FTE_Hrs_per_40hr_wk\" ] } } } ) | Collect ( 500 ) ;","Panel ( 3 ) | SetPanelLabel ( \"Project Details\" ) ;","if ( ( HasDuplicates ( Project_Priority ) ) , ( Frame ( ) | Select ( Project_Priority , UniqueCount ( Project_Name ) ) .as ( [ Project_Priority , UniqueCountofProject_Name ] ) | Group ( Project_Priority ) | With ( Panel ( 1 ) ) | Format ( type = [ 'table' ] ) | TaskOptions ( { \"1\" : { \"layout\" : \"Pie\" , \"alignment\" : { \"label\" : [ \"Project_Priority\" ] , \"value\" : [ \"UniqueCountofProject_Name\" ] , \"heat\" : [ ] , \"tooltip\" : [ ] , \"facet\" : [ ] } } } ) | Collect ( 500 ) ) , ( Frame ( ) | Select ( Project_Priority , Count ( Project_Name ) ) .as ( [ Project_Priority , CountofProject_Name ] ) | Group ( Project_Priority ) | With ( Panel ( 1 ) ) | Format ( type = [ 'table' ] ) | TaskOptions ( { \"1\" : { \"layout\" : \"Pie\" , \"alignment\" : { \"label\" : [ \"Project_Priority\" ] , \"value\" : [ \"CountofProject_Name\" ] , \"heat\" : [ ] , \"tooltip\" : [ ] , \"facet\" : [ ] } } } ) | Collect ( 500 ) ) ) ;","if ( IsEmpty ( [ \"Sylvia_Ortega\" ] ) , UnfilterFrame ( Employee_Name ) , SetFrameFilter ( Employee_Name == [ \"Sylvia_Ortega\" ] ) ) ;","UnfilterFrame ( Employee_Name ) ;"]}