{"insightID":"ee82a278-9ce1-4992-b5be-876ce11c0e84","pixelReturn":[{"pixelExpression":"CachedPanel ( \"0\" ) ;","isMeta":false,"output":{"panelId":"0","panelLabel":"Employee Details","view":"visualization","viewOptions":"{\"type\":\"echarts\"}","viewOptionsMap":{"federate-view":{"app_id":"677d0bc4-50ee-4089-89b3-209fdcaace4a"},"visualization":{"type":"echarts"}},"config":{"type":"STANDARD","opacity":100.0},"ornaments":{"tools":{"shared":{"toggleLegend":true,"rotateAxis":true}}},"events":{"onSingleClick":{"Unfilter":[{"disabledVisuals":["Grid","Sunburst"],"default":true,"query":"UnfilterFrame(<SelectedColumn>);","options":{},"refresh":false,"disabled":false,"panel":""}]},"onBrush":{"Filter":[{"default":true,"query":"if(IsEmpty(<SelectedValues>), UnfilterFrame(<SelectedColumn>), SetFrameFilter(<SelectedColumn>==<SelectedValues>));","options":{},"refresh":false,"disabled":false,"panel":""}]}},"comments":{},"position":{},"filters":[],"order":[],"cbv":[]},"operationType":["CACHED_PANEL"]},{"pixelExpression":"CachedPanel ( \"0\" ) ;","isMeta":false,"output":{"panelId":"0","panelLabel":"Employee Details","view":"visualization","viewOptions":"{\"type\":\"echarts\"}","viewOptionsMap":{"federate-view":{"app_id":"677d0bc4-50ee-4089-89b3-209fdcaace4a"},"visualization":{"type":"echarts"}},"config":{"type":"STANDARD","opacity":100.0},"ornaments":{"tools":{"shared":{"toggleLegend":true,"rotateAxis":true}}},"events":{"onSingleClick":{"Unfilter":[{"disabledVisuals":["Grid","Sunburst"],"default":true,"query":"UnfilterFrame(<SelectedColumn>);","options":{},"refresh":false,"disabled":false,"panel":""}]},"onBrush":{"Filter":[{"default":true,"query":"if(IsEmpty(<SelectedValues>), UnfilterFrame(<SelectedColumn>), SetFrameFilter(<SelectedColumn>==<SelectedValues>));","options":{},"refresh":false,"disabled":false,"panel":""}]}},"comments":{},"position":{},"filters":[],"order":[],"cbv":[]},"operationType":["CACHED_PANEL"]},{"pixelExpression":"CachedPanel ( \"1\" ) ;","isMeta":false,"output":{"panelId":"1","panelLabel":"Project Priority","view":"visualization","viewOptions":"{\"type\":\"echarts\"}","viewOptionsMap":{"federate-view":{"app_id":"677d0bc4-50ee-4089-89b3-209fdcaace4a"},"visualization":{"type":"echarts"}},"config":{"type":"STANDARD","opacity":100.0},"ornaments":{"tools":{"shared":{"toggleLegend":false,"rotateAxis":true,"displayValues":false,"customizePieLabel":{"dynamicView":"Yes","fontSize":"14","position":"Inside","dimension":["Name"],"showLabel":"<showLabel>"},"animationPie":"Exponential"}}},"events":{"onSingleClick":{"Unfilter":[{"disabledVisuals":["Grid","Sunburst"],"default":true,"query":"UnfilterFrame(<SelectedColumn>);","options":{},"refresh":false,"disabled":false,"panel":""}]},"onBrush":{"Filter":[{"default":true,"query":"if(IsEmpty(<SelectedValues>), UnfilterFrame(<SelectedColumn>), SetFrameFilter(<SelectedColumn>==<SelectedValues>));","options":{},"refresh":false,"disabled":false,"panel":""}]},"onDoubleClick":{"Priority":[{"disabledVisuals":[],"query":"SetFrameFilter(<SelectedColumn>==<SelectedValues>);","options":{},"refresh":true,"panel":""}]}},"comments":{},"position":{},"filters":[],"order":[],"cbv":[]},"operationType":["CACHED_PANEL"]},{"pixelExpression":"CachedPanel ( \"2\" ) ;","isMeta":false,"output":{"panelId":"2","panelLabel":"Project Workstream","view":"visualization","viewOptions":"{\"type\":\"echarts\"}","viewOptionsMap":{"federate-view":{"app_id":"677d0bc4-50ee-4089-89b3-209fdcaace4a"},"visualization":{"type":"echarts"}},"config":{"type":"STANDARD","opacity":100.0},"ornaments":{"tools":{"shared":{"toggleLegend":false,"rotateAxis":true,"displayValues":false,"customizePieLabel":{"dynamicView":"Yes","fontSize":"12","position":"Outside","dimension":["Name"],"showLabel":"<showLabel>"},"animationPie":"Expansion","toggleDonut":true}}},"events":{"onSingleClick":{"Unfilter":[{"disabledVisuals":["Grid","Sunburst"],"default":true,"query":"UnfilterFrame(<SelectedColumn>);","options":{},"refresh":false,"disabled":false,"panel":""}]},"onBrush":{"Filter":[{"default":true,"query":"if(IsEmpty(<SelectedValues>), UnfilterFrame(<SelectedColumn>), SetFrameFilter(<SelectedColumn>==<SelectedValues>));","options":{},"refresh":false,"disabled":false,"panel":""}]},"onDoubleClick":{"Workstream":[{"disabledVisuals":[],"query":"SetFrameFilter(<SelectedColumn>==<SelectedValues>);","options":{},"refresh":true,"panel":""}]}},"comments":{},"position":{},"filters":[],"order":[],"cbv":[]},"operationType":["CACHED_PANEL"]},{"pixelExpression":"CachedPanel ( \"3\" ) ;","isMeta":false,"output":{"panelId":"3","panelLabel":"Project Details","view":"visualization","viewOptions":"{\"type\":\"standard\"}","viewOptionsMap":{"federate-view":{"app_id":"677d0bc4-50ee-4089-89b3-209fdcaace4a"},"visualization":{"type":"standard"}},"config":{"type":"STANDARD","opacity":100.0},"ornaments":{"tools":{"shared":{"toggleLegend":true,"rotateAxis":true}}},"events":{"onSingleClick":{"Unfilter":[{"disabledVisuals":["Grid","Sunburst"],"default":true,"query":"UnfilterFrame(<SelectedColumn>);","options":{},"refresh":false,"disabled":false,"panel":""}]},"onBrush":{"Filter":[{"default":true,"query":"if(IsEmpty(<SelectedValues>), UnfilterFrame(<SelectedColumn>), SetFrameFilter(<SelectedColumn>==<SelectedValues>));","options":{},"refresh":false,"disabled":false,"panel":""}]}},"comments":{},"position":{},"filters":[],"order":[],"cbv":[]},"operationType":["CACHED_PANEL"]},{"pixelExpression":"Frame ( ) | Select ( Employee_Name , Count ( Project_Name ) , Sum ( FTE_Hrs_per_8hr_dy ) ) .as ( [ Employee_Name , CountofProject_Name , SumofFTE_Hrs_per_8hr_dy ] ) | Group ( Employee_Name ) | Sort ( columns = [ \"SumofFTE_Hrs_per_8hr_dy\" ] , sort = [ \"desc\" ] ) | With ( Panel ( 0 ) ) | Format ( type = [ 'table' ] ) | TaskOptions ( { \"0\" : { \"layout\" : \"Column\" , \"alignment\" : { \"label\" : [ \"Employee_Name\" ] , \"value\" : [ \"CountofProject_Name\" , \"SumofFTE_Hrs_per_8hr_dy\" ] } } } ) | Collect ( 500 ) ;","isMeta":false,"output":{"data":{"values":[["Denise_Holloway",43.0,40.0],["Paxton_Gammie",21.0,35.0],["Kenneth_Keith",11.0,32.0],["Rosalynn_Dhramapitaksook",26.0,26.0],["Jack_Garabedian",13.0,24.0],["Julie_OBrien",15.0,22.4],["Alexander_Hall",9.0,21.5],["CDR_Nazario",10.0,20.0],["Kurt_Benz",24.0,18.5],["Ying_Gomez",11.0,18.5],["Dolores_Ross",11.0,18.0],["Kristine_Peluso",18.0,16.5],["Christopher_Combs",16.0,16.5],["Grant_Toeneboehn",11.0,16.0],["Karen_Nelson",10.0,16.0],["Donte_Blackwell",8.0,15.0],["Matt_Sandidge",6.0,14.16],["Brent_Sonnier",5.0,14.0],["Larry_Long",10.0,14.0],["Jennifer_Newton",8.0,12.0],["Tonu_Nauage",6.0,12.0],["Sara_Wujciak",11.0,11.5],["Christian_Weaver",16.0,10.5],["Ann_Williams",11.0,10.0],["Joshua_Browning",4.0,8.8],["Sylvia_Ortega",21.0,7.0],["Selamawit_Telahun_(Cookie)",4.0,6.5],["Robin_Brower",3.0,1.0],["Cameron_Abbott",2.0,0.0],["Mike_Bliss",1.0,0.0]],"headers":["Employee_Name","CountofProject_Name","SumofFTE_Hrs_per_8hr_dy"],"rawHeaders":["EMPLOYEE_NAME","CountofProject_Name","SumofFTE_Hrs_per_8hr_dy"]},"headerInfo":[{"alias":"Employee_Name","header":"Employee_Name","type":"STRING","derived":false},{"alias":"CountofProject_Name","header":"CountofProject_Name","calculatedBy":"Project_Name","groupBy":["Employee_Name"],"math":"Count","type":"NUMBER","derived":true},{"alias":"SumofFTE_Hrs_per_8hr_dy","header":"SumofFTE_Hrs_per_8hr_dy","calculatedBy":"FTE_Hrs_per_8hr_dy","groupBy":["Employee_Name"],"math":"Sum","type":"NUMBER","derived":true}],"sortInfo":[{"alias":"SumofFTE_Hrs_per_8hr_dy","header":"SumofFTE_Hrs_per_8hr_dy","dir":"DESC","derived":false}],"numRows":30,"numCollected":500,"taskOptions":{"0":{"layout":"Column","alignment":{"label":["Employee_Name"],"value":["CountofProject_Name","SumofFTE_Hrs_per_8hr_dy"]}}},"format":{"type":"TABLE"},"filterInfo":[],"taskId":"task1"},"operationType":["TASK_DATA"]},{"pixelExpression":"if ( ( HasDuplicates ( Work_Stream ) ) , ( Select ( Work_Stream , Sum ( FTE_Hrs_per_40hr_wk ) ) .as ( [ Work_Stream , SumofFTE_Hrs_per_40hr_wk ] ) | Group ( Work_Stream ) | With ( Panel ( 2 ) ) | Format ( type = [ 'table' ] ) | TaskOptions ( { \"2\" : { \"layout\" : \"Pie\" , \"alignment\" : { \"label\" : [ \"Work_Stream\" ] , \"value\" : [ \"SumofFTE_Hrs_per_40hr_wk\" ] , \"heat\" : [ ] , \"tooltip\" : [ ] , \"facet\" : [ ] } } } ) | Collect ( 500 ) ) , ( Select ( Work_Stream , FTE_Hrs_per_40hr_wk ) .as ( [ Work_Stream , FTE_Hrs_per_40hr_wk ] ) | With ( Panel ( 2 ) ) | Format ( type = [ 'table' ] ) | TaskOptions ( { \"2\" : { \"layout\" : \"Pie\" , \"alignment\" : { \"label\" : [ \"Work_Stream\" ] , \"value\" : [ \"FTE_Hrs_per_40hr_wk\" ] , \"heat\" : [ ] , \"tooltip\" : [ ] , \"facet\" : [ ] } } } ) | Collect ( 500 ) ) ) ;","isMeta":false,"output":{"data":{"values":[["Cloud_Strategy",255.0],["Communication_and_Outreach",202.0],["Continuous_Process_Improvement",102.5],["D2D_Operations_Center",406.5],["Division_Operations",695.0],["Human_Resources_Management",270.0],["Metrics_and_Reporting",40.0],["Operations_Analytics",295.8],["Technology_Portfolio_Management",120.0]],"headers":["Work_Stream","SumofFTE_Hrs_per_40hr_wk"],"rawHeaders":["WORK_STREAM","SumofFTE_Hrs_per_40hr_wk"]},"headerInfo":[{"alias":"Work_Stream","header":"Work_Stream","type":"STRING","derived":false},{"alias":"SumofFTE_Hrs_per_40hr_wk","header":"SumofFTE_Hrs_per_40hr_wk","calculatedBy":"FTE_Hrs_per_40hr_wk","groupBy":["Work_Stream"],"math":"Sum","type":"NUMBER","derived":true}],"sortInfo":[],"numRows":9,"numCollected":500,"taskOptions":{"2":{"layout":"Pie","alignment":{"heat":[],"tooltip":[],"label":["Work_Stream"],"value":["SumofFTE_Hrs_per_40hr_wk"],"facet":[]}}},"format":{"type":"TABLE"},"filterInfo":[],"taskId":"task7"},"operationType":["TASK_DATA"]},{"pixelExpression":"Select ( Project_Name , Employee_Name , Role , FTE_Hrs_per_40hr_wk ) .as ( [ Project_Name , Employee_Name , Role , FTE_Hrs_per_40hr_wk ] ) | With ( Panel ( 3 ) ) | Format ( type = [ 'table' ] ) | TaskOptions ( { \"3\" : { \"layout\" : \"Grid\" , \"alignment\" : { \"label\" : [ \"Project_Name\" , \"Employee_Name\" , \"Role\" , \"FTE_Hrs_per_40hr_wk\" ] } } } ) | Collect ( 500 ) ;","isMeta":false,"output":{"data":{"values":[["4th_Estate_Commodity_IT","Kristine_Peluso","GOV2",0.0],["4th_Estate_Commodity_IT","Denise_Holloway","GOV1",20.0],["AACE_Exec_Preparation_(Actions,_Meeting)","Paxton_Gammie","CTR2",0.0],["AACE_Exec_Preparation_(Actions,_Meeting)","Denise_Holloway","GOV1",0.0],["AACE_Exec_Preparation_(Actions,_Meeting)","Kristine_Peluso","GOV2",0.0],["AACE_Exec_Preparation_(Actions,_Meeting)","Rosalynn_Dhramapitaksook","CTR1",20.0],["AACE_Mission-Vision_Development","Kristine_Peluso","GOV2",0.0],["AACE_Mission-Vision_Development","Denise_Holloway","GOV1",10.0],["AACE_SEMOSS_Analytics","Jack_Garabedian","CTR1",20.0],["AACE_SEMOSS_Analytics","Grant_Toeneboehn","CTR2",0.0],["AACE_Special_Projects","Karen_Nelson","CTR1",20.0],["AACE_Special_Projects","Larry_Long","CTR2",0.0],["AACE_Strategic_Alignment_to_J6-Workstream_27","Tonu_Nauage","CTR1",10.0],["AACE_Strategic_Alignment_to_J6-Workstream_27","Denise_Holloway","GOV1",10.0],["AACE_Strategic_Initiatives","Larry_Long","CTR2",0.0],["AACE_Strategic_Initiatives","Karen_Nelson","CTR1",20.0],["AACE_Technology_Portfolio_Management","Dolores_Ross","CTR2",0.0],["AACE_Technology_Portfolio_Management","Sylvia_Ortega","CTR1",2.5],["Ad-Hoc_Reports_Generation","Christopher_Combs","GOV2",0.0],["Ad-Hoc_Reports_Generation","Matt_Sandidge","GOV1",10.0],["All_Humans-Ektropy","Brent_Sonnier","GOV2",0.0],["All_Humans-Ektropy","Christopher_Combs","GOV1",20.0],["Annual_Performance_Plans_(APPs)_-_Division","Denise_Holloway","GOV2",0.0],["Annual_Performance_Plans_(APPs)_-_Division","Christopher_Combs","GOV1",20.0],["Annual_Performance_Plans_(APPs)_-_POB-OSM_Only","Rosalynn_Dhramapitaksook","CTR1",10.0],["Annual_Performance_Plans_(APPs)_-_POB-OSM_Only","Paxton_Gammie","CTR2",0.0],["Assest_management_support_for_leadership","Donte_Blackwell","CTR1",10.0],["Assest_management_support_for_leadership","Jennifer_Newton","CTR2",0.0],["Automate_Excel_Reports_to_SP_lists,_then_can_be_linked_and_integrated,_and_can_include_on_the_meeting,_leadership,_branch_sites_for_starters_using_Web_Services","Kurt_Benz","GOV2",0.0],["Automate_Excel_Reports_to_SP_lists,_then_can_be_linked_and_integrated,_and_can_include_on_the_meeting,_leadership,_branch_sites_for_starters_using_Web_Services","Julie_OBrien","GOV1",2.5],["Awards_DHHQ","Paxton_Gammie","CTR1",10.0],["Awards_DHHQ","Rosalynn_Dhramapitaksook","CTR2",0.0],["Awards_San_Antonio","Ying_Gomez","CTR1",10.0],["Awards_San_Antonio","Ann_Williams","CTR2",0.0],["Bi-weekly_Info_Feed","Paxton_Gammie","CTR1",10.0],["Bi-weekly_Info_Feed","Rosalynn_Dhramapitaksook","CTR2",0.0],["Business_Process_Reengineering","Kristine_Peluso","CTR1",20.0],["Business_Process_Reengineering","Denise_Holloway","CTR2",0.0],["CATMS_Management","Ying_Gomez","GOV2",0.0],["CATMS_Management","Kurt_Benz","GOV1",10.0],["CCES_Weekly_Technical_Group","Kenneth_Keith","CTR1",10.0],["CCES_Weekly_Technical_Group","Christian_Weaver","CTR2",0.0],["Cloud_Auditing_(Cyber_Security)","Larry_Long","CTR1",20.0],["Cloud_Auditing_(Cyber_Security)","Karen_Nelson","CTR2",0.0],["Cloud_Infrastructure","Karen_Nelson","CTR2",0.0],["Cloud_Infrastructure","Larry_Long","CTR1",20.0],["Cloud_Management","Karen_Nelson","CTR2",0.0],["Cloud_Management","Larry_Long","CTR1",10.0],["Cloud_Meeting_Facilitation","Christian_Weaver","CTR2",0.0],["Cloud_Meeting_Facilitation","Kenneth_Keith","CTR1",20.0],["Cloud_Requirements_Gathering","Christian_Weaver","CTR2",0.0],["Cloud_Requirements_Gathering","Kenneth_Keith","CTR1",10.0],["Cloud_Risk_Management","Larry_Long","CTR1",10.0],["Cloud_Risk_Management","Karen_Nelson","CTR2",0.0],["Cloud_Service_Catalog_(CRM)","Christian_Weaver","CTR2",0.0],["Cloud_Service_Catalog_(CRM)","Kenneth_Keith","CTR1",10.0],["Cloud_Support","Karen_Nelson","CTR1",10.0],["Cloud_Support","Larry_Long","CTR2",0.0],["Cloud_Transition_Management","Kenneth_Keith","CTR1",10.0],["Cloud_Transition_Management","Christian_Weaver","CTR2",0.0],["Communication_Graphics_and_Support","Paxton_Gammie","CTR1",2.5],["Communication_Graphics_and_Support","Rosalynn_Dhramapitaksook","CTR2",0.0],["Communication_Plans","Julie_OBrien","GOV2",0.0],["Communication_Plans","Ann_Williams","GOV1",10.0],["Communications_(CIO-WG,_CIO-CG,_CWG)_to_Branches","Denise_Holloway","GOV1",10.0],["Contract-Acquisition_Management","Denise_Holloway","GOV1",10.0],["Contract-Acquisition_Management","Christopher_Combs","GOV2",0.0],["Contract_Actions_A","Sylvia_Ortega","CTR2",0.0],["Contract_Actions_A","Dolores_Ross","CTR1",20.0],["Contract_Actions_B","Sylvia_Ortega","CTR1",20.0],["Contract_Actions_B","Dolores_Ross","CTR2",0.0],["Contract_Analysis","Christopher_Combs","GOV1",2.5],["Contract_Analysis","Kurt_Benz","GOV2",0.0],["Contract_Analysis_-_Mind_Map","Alexander_Hall","CTR1",20.0],["Contract_Analysis_-_Mind_Map","Sylvia_Ortega","CTR2",0.0],["Contracts_and_Budget","Denise_Holloway","GOV1",10.0],["Contracts_and_Budget","Kurt_Benz","GOV2",0.0],["Core_Support_to_POB_Chief","Denise_Holloway","GOV1",20.0],["Core_Support_to_POB_Chief","Kristine_Peluso","GOV2",0.0],["Create_Slide_Libraries_for_all_major_presentations,_then_can_share_and_lots_of_metadata,_such_as_branch,_section,_office,_User,_and_each_member_can_view_all_the_slides_to_update_that_theyre_responsible_and_for_all_meeting_in_1_place._(Have_Staff_Mtg_and_Wkly_Leadership_Mtg_slides_set_up_in_I&O-).","Julie_OBrien","GOV1",2.5],["Create_Slide_Libraries_for_all_major_presentations,_then_can_share_and_lots_of_metadata,_such_as_branch,_section,_office,_User,_and_each_member_can_view_all_the_slides_to_update_that_theyre_responsible_and_for_all_meeting_in_1_place._(Have_Staff_Mtg_and_Wkly_Leadership_Mtg_slides_set_up_in_I&O-).","Kurt_Benz","GOV2",0.0],["Create_updated_POB-OSM_team_Contact_info._(have_the_list_created;_just_need_to_put_in_names,_create_views)","Julie_OBrien","GOV1",2.5],["Create_updated_POB-OSM_team_Contact_info._(have_the_list_created;_just_need_to_put_in_names,_create_views)","Kurt_Benz","GOV2",0.0],["Cyber_Security_Professional","Larry_Long","CTR1",10.0],["Cyber_Security_Professional","Karen_Nelson","CTR2",0.0],["D2D_Academy_Support","Rosalynn_Dhramapitaksook","CTR2",10.0],["D2D_Academy_Support","Paxton_Gammie","CTR1",20.0],["D2D_Dashboard_Analytics","Jack_Garabedian","CTR1",20.0],["D2D_Dashboard_Analytics","Grant_Toeneboehn","CTR2",0.0],["D2D_Dashboard_Data_Analytics-Testing","Jack_Garabedian","CTR2",0.0],["D2D_Dashboard_Data_Analytics-Testing","Grant_Toeneboehn","CTR1",20.0],["D2D_Dashboard_Project_Management","Jack_Garabedian","CTR1",20.0],["D2D_Dashboard_Project_Management","Grant_Toeneboehn","CTR2",0.0],["D2D_Dashboard_Requirements","Grant_Toeneboehn","CTR1",20.0],["D2D_Dashboard_Requirements","Jack_Garabedian","CTR2",0.0],["D2D_Dashboard_Schedule_Risk_Analysis","Grant_Toeneboehn","CTR2",0.0],["D2D_Dashboard_Schedule_Risk_Analysis","Jack_Garabedian","CTR1",20.0],["D2D_Dashboard_Site_Training","Jack_Garabedian","CTR1",20.0],["D2D_Dashboard_Site_Training","Grant_Toeneboehn","CTR2",0.0],["D2D_Dashboard_Technical_Implementation","Grant_Toeneboehn","CTR1",20.0],["D2D_Dashboard_Technical_Implementation","Jack_Garabedian","CTR2",0.0],["D2D_Dashboard_Training_Development_and_Demonstration","Jack_Garabedian","CTR1",10.0],["D2D_Dashboard_Training_Development_and_Demonstration","Grant_Toeneboehn","CTR2",0.0],["D2D_Dashboard_User_Interface","Grant_Toeneboehn","CTR1",20.0],["D2D_Dashboard_User_Interface","Jack_Garabedian","CTR2",0.0],["D2D_OPSCENTER_Request_(Front_door)","Tonu_Nauage","CTR1",10.0],["D2D_OPSCENTER_Request_(Front_door)","Denise_Holloway","GOV1",10.0],["D2D_OPSCENTER_Strategy","Tonu_Nauage","CTR1",10.0],["D2D_OPSCENTER_Strategy","CDR_Nazario","GOV1",0.0],["D2D_Operation_Center_Process_Design","Denise_Holloway","GOV2",0.0],["D2D_Operation_Center_Process_Design","Kristine_Peluso","GOV1",10.0],["D2D_Operations_Center_Risk_Manager","Joshua_Browning","CTR1",4.0],["D2D_Operations_Center_Risk_Manager","Sylvia_Ortega","CTR2",0.0],["D2D_Process_Management","Kristine_Peluso","GOV1",20.0],["D2D_Process_Management","CDR_Nazario","GOV2",0.0],["D2D_Site_Coordination_Strategy","Kristine_Peluso","GOV2",0.0],["D2D_Site_Coordination_Strategy","CDR_Nazario","GOV1",20.0],["D2D_Tasker_Support","Rosalynn_Dhramapitaksook","CTR2",0.0],["D2D_Tasker_Support","Paxton_Gammie","CTR1",20.0],["DAWIA_Tracking","Kurt_Benz","GOV1",2.5],["DAWIA_Tracking","Ying_Gomez","GOV2",0.0],["DPMAP_Appraisals-Performance_Planning","Rosalynn_Dhramapitaksook","CTR1",20.0],["DPMAP_Appraisals-Performance_Planning","Denise_Holloway","CTR2",0.0],["Distro_List_Management_(NPEs)","Robin_Brower","CTR1",2.5],["Distro_List_Management_(NPEs)","Christopher_Combs","GOV1",0.0],["Division_ITSM","Denise_Holloway","GOV2",0.0],["Division_ITSM","Kristine_Peluso","GOV1",10.0],["Division_Marketing","Donte_Blackwell","CTR1",2.5],["Division_Marketing","Jennifer_Newton","CTR2",0.0],["Division_Metrics","Matt_Sandidge","GOV1",10.0],["Division_Metrics","Christopher_Combs","GOV2",0.0],["Division_Space_Coordination","Denise_Holloway","GOV2",0.0],["Division_Space_Coordination","CDR_Nazario","GOV1",10.0],["Division_Space_Liaison_-_Updates","Paxton_Gammie","CTR1",10.0],["Division_Space_Liaison_-_Updates","Rosalynn_Dhramapitaksook","CTR2",0.0],["Division_Timesheet_Management","Ying_Gomez","GOV1",10.0],["Division_Timesheet_Management","Ann_Williams","GOV2",0.0],["DoD_Enterprise_Collaborations_Productivity_Suit_(ECAPS)","CDR_Nazario","GOV1",20.0],["Ektopy_JIPR_Customer_Feedback","Sylvia_Ortega","CTR2",0.0],["Ektopy_JIPR_Customer_Feedback","Alexander_Hall","CTR1",10.0],["Ektropy_Contract_AACE_Dashboard","Sylvia_Ortega","CTR2",0.0],["Ektropy_Contract_AACE_Dashboard","Alexander_Hall","CTR1",20.0],["Ektropy_Requirements","Sylvia_Ortega","CTR2",0.0],["Ektropy_Requirements","Dolores_Ross","CTR1",10.0],["Ektropy_Requirements_Gathering-Resolving_Issues","Alexander_Hall","CTR1",2.5],["Ektropy_Requirements_Gathering-Resolving_Issues","Sylvia_Ortega","CTR2",0.0],["Ektropy_Risk_Module_Training","Joshua_Browning","CTR1",20.0],["Ektropy_Risk_Module_Training","Sylvia_Ortega","CTR2",0.0],["Ektropy_Training_Program","Alexander_Hall","CTR1",2.5],["Ektropy_Training_Program","Sylvia_Ortega","CTR2",0.0],["Enterprise_Cloud_Applications","Kenneth_Keith","CTR1",20.0],["Enterprise_Cloud_Applications","Christian_Weaver","CTR2",0.0],["Enterprise_Cloud_Business_Documentation","Kenneth_Keith","CTR1",10.0],["Enterprise_Cloud_Business_Documentation","Christian_Weaver","CTR2",0.0],["Enterprise_Cloud_Project_Management","Christian_Weaver","CTR2",0.0],["Enterprise_Cloud_Project_Management","Kenneth_Keith","CTR1",20.0],["Enterprise_Cloud_Requirements","Kenneth_Keith","CTR1",10.0],["Enterprise_Cloud_Requirements","Christian_Weaver","CTR2",0.0],["Enterprise_Reporting_Data_Analysis","Christopher_Combs","GOV2",0.0],["Enterprise_Reporting_Data_Analysis","Matt_Sandidge","GOV1",0.8],["Enterprise_Reporting_Initiative","Karen_Nelson","CTR1",20.0],["Enterprise_Reporting_Initiative","Denise_Holloway","GOV2",0.0],["Enterprise_Reporting_Initiative","Larry_Long","CTR2",0.0],["Enterprise_Reporting_Initiative","Kurt_Benz","GOV1",0.0],["Enterprise_Reporting_Initiative_Architecture","Christopher_Combs","GOV2",0.0],["Enterprise_Reporting_Initiative_Architecture","Matt_Sandidge","GOV1",20.0],["Enterprise_Reporting_Meeting_Facilitor","Tonu_Nauage","CTR1",10.0],["Enterprise_Reporting_Meeting_Facilitor","Cameron_Abbott","CTR2",0.0],["Enterprise_Reporting_Project_Documentation","Tonu_Nauage","CTR1",10.0],["Enterprise_Reporting_Project_Documentation","Cameron_Abbott","CTR2",0.0],["Enterprise_Reporting_Requirements","Christopher_Combs","GOV2",0.0],["Enterprise_Reporting_Requirements","Matt_Sandidge","GOV1",10.0],["Enterprise_Reporting_Technical_Support","Matt_Sandidge","GOV1",20.0],["Enterprise_Reporting_Technical_Support","Christopher_Combs","GOV2",0.0],["Events_-_Defense_Health_IT_Conference_(DHITS)","Paxton_Gammie","CTR1",20.0],["Events_-_Defense_Health_IT_Conference_(DHITS)","Sara_Wujciak","CTR2",0.0],["Executive_Leadership_Reporting","Sara_Wujciak","CTR2",0.0],["Executive_Leadership_Reporting","Selamawit_Telahun_(Cookie)","CTR1",2.5],["Executive_Leadership_Reporting_Dashboard","Selamawit_Telahun_(Cookie)","CTR1",20.0],["Executive_Leadership_Reporting_Dashboard","Sara_Wujciak","CTR2",0.0],["Facilitates_schedule_updates_for_tIMO_and_the_D2D_deployment","Donte_Blackwell","CTR2",0.0],["Facilitates_schedule_updates_for_tIMO_and_the_D2D_deployment","Jennifer_Newton","CTR1",20.0],["Hiring_Actions_1","Brent_Sonnier","GOV1",10.0],["Hiring_Actions_1","Kurt_Benz","GOV2",0.0],["Hiring_Actions_2","Kurt_Benz","GOV2",0.0],["Hiring_Actions_2","Christopher_Combs","GOV1",10.0],["Hiring_Actions_3","Ying_Gomez","GOV1",10.0],["Hiring_Actions_3","Ann_Williams","GOV2",0.0],["IT_Service_Management_(ITSM)","Christian_Weaver","CTR1",10.0],["IT_Service_Management_(ITSM)","Denise_Holloway","GOV1",0.0],["Infrastructure_360","Christian_Weaver","CTR1",20.0],["Infrastructure_360","Jack_Garabedian","CTR2",0.0],["JIPR_Reports_Generations","Sylvia_Ortega","CTR2",0.0],["JIPR_Reports_Generations","Alexander_Hall","CTR1",20.0],["JKO_Alignment","Robin_Brower","CTR1",2.5],["JKO_Alignment","Rosalynn_Dhramapitaksook","CTR2",0.0],["Joint_Integrated_Process_Review_(JIPR)","Alexander_Hall","CTR1",10.0],["Joint_Integrated_Process_Review_(JIPR)","Dolores_Ross","CTR2",0.0],["Joint_Integrated_Program_Review_Analyst","Alexander_Hall","CTR1",20.0],["Joint_Integrated_Program_Review_Analyst","Sylvia_Ortega","CTR2",0.0],["Kick-off_Trip_Report_Tracking","Rosalynn_Dhramapitaksook","CTR2",0.0],["Kick-off_Trip_Report_Tracking","Paxton_Gammie","CTR1",10.0],["LRTA_Technical_Analysis","Christian_Weaver","CTR1",10.0],["LRTA_Technical_Analysis","Jack_Garabedian","CTR2",0.0],["LRTA_Technical_Implementation","Jack_Garabedian","CTR1",10.0],["LRTA_Technical_Implementation","Grant_Toeneboehn","CTR2",0.0],["Legacy_Contracts","Alexander_Hall","CTR1",2.5],["Legacy_Contracts","Sylvia_Ortega","CTR2",0.0],["Lessons_Learned_Program","CDR_Nazario","GOV2",0.0],["Lessons_Learned_Program","Joshua_Browning","CTR2",0.0],["Lessons_Learned_Program","Dolores_Ross","CTR1",10.0],["Lessons_Learned_Program","Kristine_Peluso","GOV1",0.0],["Liaison_to_Engineering_Control_Board","Dolores_Ross","CTR2",0.0],["Liaison_to_Engineering_Control_Board","Sylvia_Ortega","CTR1",2.5],["Liaison_to_Solutions_Delivery_Division","Kenneth_Keith","CTR1",20.0],["Liaison_to_Solutions_Delivery_Division","Christian_Weaver","CTR2",0.0],["MHS_Reform_-_NDAA_Analysis-AACE_alignment_to_Strategy","Rosalynn_Dhramapitaksook","CTR1",10.0],["MHS_Reform_-_NDAA_Analysis-AACE_alignment_to_Strategy","Denise_Holloway","GOV1",10.0],["MOU-MOA_Development","Denise_Holloway","GOV2",0.0],["MOU-MOA_Development","Julie_OBrien","GOV1",2.5],["Managers_Internal_Control_Program_(MICP)","Rosalynn_Dhramapitaksook","CTR1",10.0],["Managers_Internal_Control_Program_(MICP)","Denise_Holloway","CTR2",0.0],["Manpower_Dashboard","Sara_Wujciak","CTR1",20.0],["Manpower_Dashboard","Selamawit_Telahun_(Cookie)","CTR2",10.0],["Manpower_Hiring_Actions","Brent_Sonnier","GOV1",20.0],["Manpower_Hiring_Actions","Kurt_Benz","GOV2",0.0],["Manpower_Hiring_Actions_Lead","Denise_Holloway","GOV2",0.0],["Manpower_Hiring_Actions_Lead","Kurt_Benz","GOV1",20.0],["Manpower_Metrics","Kurt_Benz","GOV2",0.0],["Manpower_Metrics","Brent_Sonnier","GOV1",20.0],["Manpower_Position_Descriptions","Kurt_Benz","GOV2",0.0],["Manpower_Position_Descriptions","Brent_Sonnier","GOV1",20.0],["Manpower_Position_Descriptions_Lead","Denise_Holloway","GOV2",0.0],["Manpower_Position_Descriptions_Lead","Kurt_Benz","GOV1",20.0],["Marketing_Materials_(Fact_Sheets,_Postcards,_Articles,_etc.)","Rosalynn_Dhramapitaksook","CTR2",0.0],["Marketing_Materials_(Fact_Sheets,_Postcards,_Articles,_etc.)","Paxton_Gammie","CTR1",2.5],["Meeting_Facilitation","Denise_Holloway","CTR1",20.0],["Meeting_Facilitation","Rosalynn_Dhramapitaksook","CTR2",0.0],["Metrics_Management","Christopher_Combs","GOV1",10.0],["Metrics_Management","Julie_OBrien","GOV2",0.0],["NATO_Secretariat","Denise_Holloway","GOV1",0.0],["NATO_Secretariat","Sara_Wujciak","CTR1",20.0],["OPSCENTER_-_Asset_Management","Kurt_Benz","GOV1",20.0],["OPSCENTER_-_Asset_Management","Christopher_Combs","GOV2",0.0],["OPSCENTER_-_Communication-Outreach","Julie_OBrien","GOV2",0.0],["OPSCENTER_-_Communication-Outreach","Ann_Williams","GOV1",20.0],["OPSCENTER_-_End-to-end_Process-Request_Portal","Denise_Holloway","GOV2",0.0],["OPSCENTER_-_End-to-end_Process-Request_Portal","CDR_Nazario","GOV1",20.0],["OPSCENTER_-_Executive_Reporting","CDR_Nazario","GOV1",20.0],["OPSCENTER_-_Executive_Reporting","Kristine_Peluso","GOV2",0.0],["OPSCENTER_-_Executive_Reporting_Quads","Sara_Wujciak","CTR1",10.0],["OPSCENTER_-_Executive_Reporting_Quads","Rosalynn_Dhramapitaksook","CTR2",0.0],["OPSCENTER_-_Graphics_and_Communications","Rosalynn_Dhramapitaksook","CTR2",0.0],["OPSCENTER_-_Graphics_and_Communications","Paxton_Gammie","CTR1",20.0],["OPSCENTER_-_Graphics_and_Communications_Lead","Julie_OBrien","GOV1",20.0],["OPSCENTER_-_Graphics_and_Communications_Lead","Ann_Williams","GOV2",0.0],["OPSCENTER_-_Planning","Denise_Holloway","GOV1",20.0],["OPSCENTER_-_Planning","Rosalynn_Dhramapitaksook","CTR1",20.0],["OPSCENTER_-_Planning","Kristine_Peluso","GOV2",0.0],["OPSCENTER_-_Planning","Paxton_Gammie","CTR2",10.0],["OPSCENTER_-_Strategy_Capture","Kurt_Benz","GOV2",0.0],["OPSCENTER_-_Strategy_Capture","Denise_Holloway","GOV1",20.0],["Onboarding-Off-boarding_-_DHHQ","Sara_Wujciak","CTR1",2.5],["Onboarding-Off-boarding_-_DHHQ","Rosalynn_Dhramapitaksook","CTR2",0.0],["Onboarding-Off_boarding_-_San_Antonio","Kurt_Benz","GOV2",0.0],["Onboarding-Off_boarding_-_San_Antonio","Ying_Gomez","GOV1",10.0],["Operational_Acceleration_-_AACE_alignment_to_J6_Strategy","Kristine_Peluso","GOV2",0.0],["Operational_Acceleration_-_AACE_alignment_to_J6_Strategy","Paxton_Gammie","CTR2",0.0],["Operational_Acceleration_-_AACE_alignment_to_J6_Strategy","Rosalynn_Dhramapitaksook","CTR1",10.0],["Operational_Acceleration_-_AACE_alignment_to_J6_Strategy","Denise_Holloway","GOV1",0.0],["OpsCenter_Meeting_Facilitation","Denise_Holloway","GOV1",20.0],["OpsCenter_Meeting_Facilitation","Kristine_Peluso","GOV2",0.0],["Organization_Chart","Christopher_Combs","GOV1",10.0],["Organization_Chart","Paxton_Gammie","GOV2",0.0],["Organization_Functions_Manual_(OFM)_Document","Denise_Holloway","GOV2",0.0],["Organization_Functions_Manual_(OFM)_Document","Julie_OBrien","GOV1",10.0],["POB-OSM_Meeting_site_-_1_page_with_ALL_mtg_correspondence_and_create_template_to_use_for_all_POB_mtgs,_then_all_of_AACE._Also_have_a_detailed_SOP_of_how_to_use_site_and_perform_all_functions._(Have_I&O_Staff_Mtg_set_up_with_detailed_instr_on_I&O)","Julie_OBrien","GOV1",20.0],["POB-OSM_Meeting_site_-_1_page_with_ALL_mtg_correspondence_and_create_template_to_use_for_all_POB_mtgs,_then_all_of_AACE._Also_have_a_detailed_SOP_of_how_to_use_site_and_perform_all_functions._(Have_I&O_Staff_Mtg_set_up_with_detailed_instr_on_I&O)","Ann_Williams","GOV2",0.0],["Phase_2_AWS","Christian_Weaver","CTR2",0.0],["Phase_2_AWS","Kenneth_Keith","CTR1",20.0],["Phone_Roster-CIO_Directory","Christopher_Combs","GOV1",10.0],["Phone_Roster-CIO_Directory","Kurt_Benz","GOV2",0.0],["Records_Management_-_San_Antonio","Ying_Gomez","GOV1",10.0],["Records_Management_-_San_Antonio","Denise_Holloway","GOV2",0.0],["San_Antonio_Trip_Support-Briefings_(every_six_weeks)","Kurt_Benz","GOV2",0.0],["San_Antonio_Trip_Support-Briefings_(every_six_weeks)","Ying_Gomez","GOV1",10.0],["Service_Catalog_Input","Denise_Holloway","GOV2",0.0],["Service_Catalog_Input","Kristine_Peluso","GOV1",10.0],["Service_Lead-Navy_Regional_Liason","CDR_Nazario","GOV1",10.0],["SharePoint_-_Create_Leadership_page_to_have_important_info_to_access_in_1_place,_with_important_data,_metrics,_links,_etc_that_will_be_all_in_realtime_and_populated_from_each_standard_page,_meeting,_etc._Can_include_status,_docs_to_sign,_read_msg_that_users_could_post_for_him_and_hell_see_right_away._Can_view_in_many_ways_across_the_division._(Have_a_version_of_this_set_up_for_I&O)","Ann_Williams","GOV2",0.0],["SharePoint_-_Create_Leadership_page_to_have_important_info_to_access_in_1_place,_with_important_data,_metrics,_links,_etc_that_will_be_all_in_realtime_and_populated_from_each_standard_page,_meeting,_etc._Can_include_status,_docs_to_sign,_read_msg_that_users_could_post_for_him_and_hell_see_right_away._Can_view_in_many_ways_across_the_division._(Have_a_version_of_this_set_up_for_I&O)","Julie_OBrien","GOV1",2.0],["SharePoint_-_Update_Div_page,_and_set_template_for_branch_pagesm_s_and_implement","Paxton_Gammie","CTR1",20.0],["SharePoint_-_Update_Div_page,_and_set_template_for_branch_pagesm_s_and_implement","Julie_OBrien","GOV1",20.0],["SharePoint_Design-Maintenance","Julie_OBrien","GOV2",0.0],["SharePoint_Design-Maintenance","Ann_Williams","GOV1",10.0],["SharePoint_Design-New_Functionality-Automation-Efficiency","Ann_Williams","GOV2",0.0],["SharePoint_Design-New_Functionality-Automation-Efficiency","Julie_OBrien","GOV1",20.0],["Site_Coordinator_Lead","Kristine_Peluso","GOV1",2.5],["Site_Coordinator_Lead","CDR_Nazario","GOV2",0.0],["Site_Coordinator_Lead_Support","Jennifer_Newton","CTR2",0.0],["Site_Coordinator_Lead_Support","Donte_Blackwell","CTR1",20.0],["Site_Implementation_Risk_Management","Joshua_Browning","CTR1",20.0],["Site_Implementation_Risk_Management","Sylvia_Ortega","CTR2",0.0],["Space_Management_-_DHHQ_only","Robin_Brower","CTR2",0.0],["Space_Management_-_DHHQ_only","Rosalynn_Dhramapitaksook","CTR1",2.5],["Space_Management_-_San_Antonio_A","Kurt_Benz","GOV2",0.0],["Space_Management_-_San_Antonio_A","Ying_Gomez","GOV1",10.0],["Space_Management_-_San_Antonio_B","Kurt_Benz","GOV1",20.0],["Space_Management_-_San_Antonio_B","Denise_Holloway","GOV2",0.0],["Speaking_Engagements","Sara_Wujciak","CTR2",0.0],["Speaking_Engagements","Paxton_Gammie","CTR1",10.0],["Special_CIO_Projects_Organization_Change_Mgmt","Kristine_Peluso","GOV1",10.0],["Special_CIO_Projects_Organization_Change_Mgmt","Denise_Holloway","GOV2",0.0],["Special_Medical_Unit_Support_-_JOMIS","Dolores_Ross","CTR2",0.0],["Special_Medical_Unit_Support_-_JOMIS","Sylvia_Ortega","CTR1",10.0],["Special_Medical_Unit_Support_A","Denise_Holloway","GOV1",2.5],["Special_Medical_Unit_Support_A","Christian_Weaver","CTR1",2.5],["Special_Medical_Units_Support_B","Karen_Nelson","CTR1",10.0],["Special_Medical_Units_Support_B","Larry_Long","CTR2",0.0],["Special_Projects_Support_-_Centralized_Lessons_Learning","Dolores_Ross","CTR1",10.0],["Special_Projects_Support_-_Centralized_Lessons_Learning","Sylvia_Ortega","CTR2",0.0],["Special_Projects_for_Leadership_DAD_IO","Donte_Blackwell","CTR1",20.0],["Special_Projects_for_Leadership_DAD_IO","Jennifer_Newton","CTR2",0.0],["Staffing_Manpower","Dolores_Ross","CTR1",20.0],["Staffing_Manpower","Sylvia_Ortega","CTR2",0.0],["Strategic_Alignment","Paxton_Gammie","CTR2",0.0],["Strategic_Alignment","Rosalynn_Dhramapitaksook","CTR1",2.5],["Strategic_Alignment_Lead","Kristine_Peluso","GOV2",0.0],["Strategic_Alignment_Lead","Denise_Holloway","GOV1",2.5],["Strategic_Messaging-Mission-Vision_Statement","Donte_Blackwell","CTR1",2.5],["Strategic_Messaging-Mission-Vision_Statement","Jennifer_Newton","CTR2",0.0],["Strategic_support_for_AACE_Leadership","Jennifer_Newton","CTR1",20.0],["Strategic_support_for_AACE_Leadership","Donte_Blackwell","CTR2",20.0],["Support_Agreements","Sylvia_Ortega","CTR2",0.0],["Support_Agreements","Dolores_Ross","CTR1",20.0],["Support_to_POB_Chief","Rosalynn_Dhramapitaksook","CTR2",0.0],["Support_to_POB_Chief","Paxton_Gammie","CTR1",10.0],["TEC_Management","Sylvia_Ortega","CTR2",0.0],["TEC_Management","Christian_Weaver","CTR1",10.0],["TEC_Management","Denise_Holloway","GOV1",0.0],["Task_Management_(Carolyn_Stemple_Taskers)","Ann_Williams","GOV1",10.0],["Task_Management_(Carolyn_Stemple_Taskers)","Kurt_Benz","GOV2",0.0],["Task_Management_Database","Tonu_Nauage","CTR1",10.0],["Task_Management_Database","Denise_Holloway","GOV1",0.0],["Team_Mbr_Task_Tracker,_with_ghant_charts,_%_done,_start-end_dates,_updated,_etc._Also_tied_to_DPMAP_elements_(started)","Kurt_Benz","GOV2",0.0],["Team_Mbr_Task_Tracker,_with_ghant_charts,_%_done,_start-end_dates,_updated,_etc._Also_tied_to_DPMAP_elements_(started)","Julie_OBrien","GOV1",10.0],["Template_Management","Ying_Gomez","GOV1",2.5],["Template_Management","Sara_Wujciak","CTR1",2.5],["Training_-_Annual_Strategy_Development","Rosalynn_Dhramapitaksook","CTR1",2.5],["Training_-_Annual_Strategy_Development","Paxton_Gammie","CTR2",0.0],["Training_-_Executing_&_Reporting","Sara_Wujciak","CTR2",0.0],["Training_-_Executing_&_Reporting","Rosalynn_Dhramapitaksook","CTR1",10.0],["Travel_Assistance_Operations_Center","Ying_Gomez","CTR1",20.0],["Travel_Assistance_Operations_Center","Denise_Holloway","CTR2",0.0],["VOIP_Business_Case_Analysis","Denise_Holloway","GOV1",2.5],["VOIP_Services_Capability","Denise_Holloway","GOV1",2.5],["Vendor_Engagement","Mike_Bliss","CTR2",0.0],["W7_Slides-Performance_Improvement_Project_Plan_(PIPP)","Denise_Holloway","GOV1",0.0],["Work_Break_Down_Structure","Selamawit_Telahun_(Cookie)","CTR2",0.0],["Work_Break_Down_Structure","Denise_Holloway","GOV1",0.0],["Work_Break_Down_Structure","Rosalynn_Dhramapitaksook","CTR1",2.5],["milConnect_Properties","Paxton_Gammie","CTR2",0.0],["milConnect_Properties","Sara_Wujciak","CTR1",2.5],["tIMO_-_Expeditating_deployment_3-5","Donte_Blackwell","CTR2",0.0],["tIMO_-_Expeditating_deployment_3-5","Jennifer_Newton","CTR1",20.0]],"headers":["Project_Name","Employee_Name","Role","FTE_Hrs_per_40hr_wk"],"rawHeaders":["PROJECT_NAME","EMPLOYEE_NAME","ROLE","FTE_HRS_PER_40HR_WK"]},"headerInfo":[{"alias":"Project_Name","header":"Project_Name","type":"STRING","derived":false},{"alias":"Employee_Name","header":"Employee_Name","type":"STRING","derived":false},{"alias":"Role","header":"Role","type":"STRING","derived":false},{"alias":"FTE_Hrs_per_40hr_wk","header":"FTE_Hrs_per_40hr_wk","type":"NUMBER","derived":false}],"sortInfo":[],"numRows":365,"numCollected":500,"taskOptions":{"3":{"layout":"Grid","alignment":{"label":["Project_Name","Employee_Name","Role","FTE_Hrs_per_40hr_wk"]}}},"format":{"type":"TABLE"},"filterInfo":[],"taskId":"task9"},"operationType":["TASK_DATA"]},{"pixelExpression":"if ( ( HasDuplicates ( Project_Priority ) ) , ( Frame ( ) | Select ( Project_Priority , UniqueCount ( Project_Name ) ) .as ( [ Project_Priority , UniqueCountofProject_Name ] ) | Group ( Project_Priority ) | With ( Panel ( 1 ) ) | Format ( type = [ 'table' ] ) | TaskOptions ( { \"1\" : { \"layout\" : \"Pie\" , \"alignment\" : { \"label\" : [ \"Project_Priority\" ] , \"value\" : [ \"UniqueCountofProject_Name\" ] , \"heat\" : [ ] , \"tooltip\" : [ ] , \"facet\" : [ ] } } } ) | Collect ( 500 ) ) , ( Frame ( ) | Select ( Project_Priority , Count ( Project_Name ) ) .as ( [ Project_Priority , CountofProject_Name ] ) | Group ( Project_Priority ) | With ( Panel ( 1 ) ) | Format ( type = [ 'table' ] ) | TaskOptions ( { \"1\" : { \"layout\" : \"Pie\" , \"alignment\" : { \"label\" : [ \"Project_Priority\" ] , \"value\" : [ \"CountofProject_Name\" ] , \"heat\" : [ ] , \"tooltip\" : [ ] , \"facet\" : [ ] } } } ) | Collect ( 500 ) ) ) ;","isMeta":false,"output":{"data":{"values":[["High",74.0],["Low",29.0],["Medium",77.0]],"headers":["Project_Priority","UniqueCountofProject_Name"],"rawHeaders":["PROJECT_PRIORITY","UniqueCountofProject_Name"]},"headerInfo":[{"alias":"Project_Priority","header":"Project_Priority","type":"STRING","derived":false},{"alias":"UniqueCountofProject_Name","header":"UniqueCountofProject_Name","calculatedBy":"Project_Name","groupBy":["Project_Priority"],"math":"UniqueCount","type":"NUMBER","derived":true}],"sortInfo":[],"numRows":3,"numCollected":500,"taskOptions":{"1":{"layout":"Pie","alignment":{"heat":[],"tooltip":[],"label":["Project_Priority"],"value":["UniqueCountofProject_Name"],"facet":[]}}},"format":{"type":"TABLE"},"filterInfo":[],"taskId":"task5"},"operationType":["TASK_DATA"]}]}